Component,-moz-osx-font-smoothing,-ms-overflow-style,-webkit-align-items,-webkit-appearance,-webkit-flex-direction,-webkit-font-smoothing,-webkit-justify-content,-webkit-media-controls,-webkit-media-controls-panel,-webkit-media-controls-play-button,-webkit-media-controls-start-playback-button,-webkit-transform,align-content,align-items,align-self,animation,appearance,aspect-ratio,backdrop-filter,backface-visibility,background,background-color,background-position,background-repeat,background-size,border,border-bottom,border-color,border-radius,border-style,border-width,bottom,box-shadow,box-sizing,clip,color,container-type,content,cursor,display,filter,flex,flex-direction,flex-flow,flex-grow,flex-shrink,flex-wrap,font-family,font-size,font-style,font-weight,gap,grid-area,grid-auto-flow,grid-auto-rows,grid-column,grid-row,grid-template-areas,grid-template-columns,grid-template-rows,height,isolation,justify-content,left,line-height,list-style,margin,margin-bottom,margin-right,margin-top,max-height,max-width,min-height,min-width,mix-blend-mode,object-fit,opacity,outline,outline-offset,overflow,overflow-x,overflow-y,padding,padding-block,padding-bottom,padding-inline,padding-left,padding-right,padding-top,pointer-events,position,resize,right,scrollbar-width,text-align,text-decoration,text-transform,top,transform,transition,transition-delay,transition-duration,transition-property,transition-timing-function,user-select,vertical-align,visibility,white-space,width,will-change,word-wrap,z-index
Accordion,,,,button: none,,,,,,,,,,.wrapper: flex-start | button: center | .label: baseline,,,button: none,,,,,button: var(--bg-page),,,,button: none,button: 1px solid var(--fg-text-primary),,,,,,,,,button: var(--fg-text-primary) | button:hover: var(--fg-text-primary-80) | button:active: var(--fg-text-primary),,,,.wrapper: flex | button: flex | .label: flex | :global(.gsap-char): inline-block | :global(.gsap-space): inline-block,,,.wrapper: column | button: row | .label: row,,.label: 1,,,,button: var(--fs-xxlarge-clamped),,button: var(--fw-semibold),button: 0.5em,,,,,,,,,,,.wrapper: flex-start | button: flex-start | .label: space-between,,,.wrapper: none,,,,,,,,,,,,,,,,,,,button: 0.5em | .details: 1em,,,,button: 0.5em,,:global(.gsap-char): relative,,,,,,.label span:first-child: uppercase,,,,,,,,,,,,button: 100% | .details: 100%,,,
AccordionList,,,,,,,,,,,,,,,,,,,,,,,,,,,,,,,,,,,,,,,,,,,,,,,,,,,,,,,,,,,,,,,,,,.accordion-list: none,,,,,,,,,,,,,,,,,,,,,.accordion-list: var(--padding-page-default),.accordion-list: var(--padding-page-default),,,,,,,,,,,,,,,,,,,,,,,,
AnimatedBackground,,,,,,,,,,,,,,,,,,,,,,,,,,,,,,,,,,,,,,,,,,,,,,,,,,,,,,,,,,,,,.background-container: 100%,,,.background-container: 0,,,,,,,,,,,,,,,,.background-container: hidden,,,,,,,,,,,.background-container: absolute,,,,,,,.background-container: 0,,,,,,,,,,,.background-container: 100%,,,.background-container: -1
AnimatedTextPath,,,,,,,,,,,,,,,,,,,,,,,,,,,,,,,.sr-only: 0,,,,".sr-only: rect(0, 0, 0, 0)",,,,,.animated-text-path: none,,,,,,,,,,,,,,,,,,,,,.animated-text-path-container: 100vh | .canvas-wrapper: 100% | .sr-only: 1px,,,.canvas-wrapper: 50%,,,.sr-only: -1px,,,,,,,,,,,,,.sr-only: hidden,.animated-text-path-container: hidden,.animated-text-path-container: visible,.sr-only: 0,,,,,,,,.animated-text-path-container: absolute | .canvas-wrapper: absolute | .sr-only: absolute,,,,,,,.animated-text-path-container: 0 | .canvas-wrapper: 0,.canvas-wrapper: translateX(-50%),,,,,,,,,.sr-only: nowrap,.animated-text-path-container: 100% | .canvas-wrapper: 2560px | .sr-only: 1px,,,.animated-text-path-container: -999
AnimatedTextPathSpag,,,,,,,,,,,,,,,,,,,,,,,,,,,,,,,.sr-only: 0,,,,".sr-only: rect(0, 0, 0, 0)",,,,,.animated-text-path: none,,,,,,,,,,,,,,,,,,,,,.animated-text-path-container: 300px | .canvas-wrapper: 100% | .sr-only: 1px,,,.canvas-wrapper: 50%,,,.sr-only: -1px,,,,,,,,,,,,,.animated-text-path-container: visible | .sr-only: hidden,,,.sr-only: 0,,,,,,,,.animated-text-path-container: relative | .canvas-wrapper: absolute | .sr-only: absolute,,,,,,,.canvas-wrapper: 0,.canvas-wrapper: translateX(-50%),,,,,,,,,.sr-only: nowrap,.animated-text-path-container: 100% | .canvas-wrapper: 2560px | .sr-only: 1px,,,
Avatar,,,,,,,,,,,,,,.avatar: center,,.glitch-active .avatar-image: glitch-pulse 2s ease-in-out infinite,,.avatar-xs: 4 / 5 | .avatar-sm: 4 / 5 | .avatar-md: 4 / 5 | .avatar-lg: 4 / 5,,".glitch-red,
  .glitch-green,
  .glitch-blue: hidden | .glitch-active,
  .glitch-active .avatar-image,
  .glitch-red,
  .glitch-green,
  .glitch-blue,
  .glitch-scanlines: hidden",".glitch-scanlines: repeating-linear-gradient(
      0deg,
      transparent,
      transparent 2px,
      rgba(255, 255, 255, 0.05) 2px,
      rgba(255, 255, 255, 0.05) 4px
    )",.avatar: rgba(var(--bg-page) / 0),".avatar-image: top | .glitch-red,
  .glitch-green,
  .glitch-blue: top",".avatar-image: no-repeat | .glitch-red,
  .glitch-green,
  .glitch-blue: no-repeat",".avatar-image: cover | .glitch-red,
  .glitch-green,
  .glitch-blue: cover",.avatar: none,,,".avatar: var(--bdr-radius-small) | .avatar-image: var(--bdr-radius-tiny) | .glitch-red,
  .glitch-green,
  .glitch-blue: var(--bdr-radius-tiny) | .glitch-scanlines: var(--bdr-radius-small)",,,".glitch-red,
  .glitch-green,
  .glitch-blue: 4px",.avatar: inset 0 0 0 1px rgba(var(--fg-text-primary) / 1),,,,.avatar: inline-size,,.avatar-button: pointer | .avatar-button:disabled: not-allowed,".avatar: flex | .avatar-image: flex | .glitch-red,
    .glitch-green,
    .glitch-blue,
    .glitch-scanlines: none !important",".glitch-red: sepia(1) saturate(10) hue-rotate(-60deg) brightness(1.2)
      contrast(1.5) | .glitch-green: sepia(1) saturate(10) hue-rotate(60deg) brightness(1.1)
      contrast(1.3) | .glitch-blue: sepia(1) saturate(10) hue-rotate(180deg) brightness(1.3)
      contrast(1.4)",,,,,,,,,,,,,,,,,,,,.avatar-image: 100% | .glitch-scanlines: 100%,.avatar: isolate,.avatar: center,".glitch-red,
  .glitch-green,
  .glitch-blue: 4px | .glitch-scanlines: 0",,,,,,,,,,,.glitch-red: screen | .glitch-green: screen | .glitch-blue: screen,,".glitch-red,
  .glitch-green,
  .glitch-blue: 0 | .glitch-scanlines: 0 | 0%,
      100%: 1 | 50%: 0.8 | .avatar-button:disabled: 0.5",.avatar-button:focus-visible: var(--focus-ring-width) solid var(--focus-ring-color),.avatar-button:focus-visible: var(--focus-ring-offset),,,,.avatar: 4px,,,,,,,".glitch-red,
  .glitch-green,
  .glitch-blue: none | .glitch-scanlines: none",".avatar: relative | .avatar-image: relative | .glitch-red,
  .glitch-green,
  .glitch-blue: absolute | .glitch-scanlines: absolute",,".glitch-red,
  .glitch-green,
  .glitch-blue: 4px",,,,,".glitch-red,
  .glitch-green,
  .glitch-blue: 4px | .glitch-scanlines: 0",".glitch-red,
  .glitch-green,
  .glitch-blue: translateZ(0) | .glitch-scanlines: translateZ(0) | .avatar-button:hover:not(.glitch-active) .avatar-image: scale(0.98) | .avatar-button:disabled:hover .avatar-image: none | .glitch-active,
  .glitch-active .avatar-image,
  .glitch-red,
  .glitch-green,
  .glitch-blue,
  .glitch-scanlines: translateZ(0)",.avatar: var(--transition-fast) | .avatar-image: var(--transition-fast),,,,,,,,,".avatar-image: 100% | .glitch-scanlines: 100% | .avatar-xs: clamp(24px, 10vw, 80px) | .avatar-sm: clamp(40px, 15vw, 120px) | .avatar-md: clamp(60px, 20vw, 180px) | .avatar-lg: clamp(80px, 25vw, 240px)",".avatar-image: transform, filter | .glitch-red,
  .glitch-green,
  .glitch-blue: transform, opacity | .glitch-scanlines: opacity",,.avatar-image: 1 | .glitch-red: 3 | .glitch-green: 2 | .glitch-blue: 4 | .glitch-scanlines: 10
BasicLayout,,,,,,,,,,,,,,.basic-layout-top-bar: center,,,,,,,,,,,,,,,,,,,,,,,,,,.basic-layout-top-bar: flex,,.basic-layout-main: 1,,,,,,,,,,,,,,,,,,,.basic-layout-side-nav: 100% | .basic-layout-top-bar: 88px | .basic-layout-main: 100%,,,.basic-layout-side-nav: -180px,,,.basic-layout-main: 0 auto,,,,,.basic-layout-top-bar: 568px | .basic-layout-main: 1200px,,,,,,,,,,,,,,,,,.basic-layout-root: var(--spc-500),,.basic-layout-side-nav: absolute | .basic-layout-main: relative,,,,,,,.basic-layout-side-nav: 0,,,,,,,,,,,.basic-layout-side-nav: 180px | .basic-layout-top-bar: 100% | .basic-layout-main: 100%,,,.basic-layout-top-bar: 10
Button,,,,,,,,,,,,,,.btn: center | .btn-layout: center,,,,,,,,.inverse: var(--bg-primary) | .inverse:hover: var(--bg-primary) | .inverse:active: var(--bg-primary) | .primary: var(--bg-page) | .primary:hover: var(--bg-page) | .primary:active: var(--bg-page),,,,.btn: none,,,.btn: var(--bdr-radius-small),,,,.inverse: inset 0 0px 0px 1px var(--bg-primary) | .primary: inset 0 0px 0px 1px var(--bg-inverse),,,.btn: inherit | .inverse: var(--fg-text-inverse) | .primary: var(--fg-text-primary),,,.btn: pointer,.btn: inline-flex | .full-width: inline-flex | .btn-layout: flex,,,,,,.btn: 0,,,.btn: var(--fs-300),,.btn: var(--fw-semibold),.btn-layout: 6px,,,,,,,,,.btn: 44px,,.btn: center | .btn-layout: center,,,,,,,,,,,.btn: max-content,,,,,,,,,,,.btn-layout: 8px,,.btn: 8px | .btn-layout: 12px | .has-icon: 6px,.btn: 8px | .btn-layout: 12px,.btn-layout: 8px,,,,,,,.btn: none,,,,,,,,,,,,,.btn: fit-content | .full-width: 100% | .btn-layout: 100%,,,
Callout,,,,,,,,,,,,,,.callout-root: center,,,,,,,,".callout-Indicator: rgb(143, 239, 0)",,,,.callout-Indicator: 1.5px solid rgb(var(--color-bdr-muted)),,,.callout-Indicator: var(--bdr-radius-pill),,,,.callout-Indicator: inset 0 0 0 2px white,,,.callout-text: rgb(var(--color-txt-muted)),,,,.callout-root: flex,,,.callout-root: row,,,,,.callout-text: var(--font-family-main),.callout-text: var(0--fs-tiny-clamped),,.callout-text: var(--fw-medium),.callout-root: var(--spc-75),,,,,,,,,.callout-Indicator: 12px,,.callout-root: flex-start,,,,,,,,,,,,,,,,,,,,,,.callout-root: var(--spc-75),,.callout-root: var(--spc-50),,.callout-root: var(--spc-75),,,,,,,,,,,,,,,,,,,,.callout-Indicator: 12px,,,
CanvasAnimation,,,,,,,,,,,,,,".canvas-container: center | .loading,
  .error: center",,,,,,,,".canvas-container: rgba(255, 192, 203, 0) | .loading,
  .error: rgba(207, 8, 154, 0)",,,,,,,,,,,,,,,,,.animation-canvas: default | .animation-canvas.clickable: pointer | .animation-canvas.hoverable: pointer,".canvas-container: flex | .animation-canvas: block | .animation-canvas.hidden: none | .loading,
  .error: flex",,,,,,,,,,,,,,,,,,,,,".animation-canvas: 100% | .loading,
  .error: 100%",,".canvas-container: center | .loading,
  .error: center",".loading,
  .error: 0",,,,,,,,,,,,,,,,,,,,,,,,,,,".canvas-container: relative | .loading,
  .error: absolute",,,,,,,".loading,
  .error: 0",,,,,,,,,,,".animation-canvas: 100% | .loading,
  .error: 100%",,,
ChatDialog,,,,,,,,,,,,,,.chat-dialog[open]: flex-end,,.chat-dialog: fadeIn 0.4s ease-in-out | .chat-dialog::backdrop: backdropFadeIn 0.5s ease-in-out,,,.chat-dialog::backdrop: blur(4px) | from: blur(0px) | to: blur(4px),,.chat-dialog: transparent | .chat-dialog::backdrop: var(--bg-page-20),,,,,.chat-dialog: none,,,,,,,,,,,,,,.chat-dialog[open]: flex,,,,,,,,,,,,,,,,,,,,,.chat-dialog: 100% | .dialog-content: 80vh,,.chat-dialog[open]: center,,,,,,,,.chat-dialog: none,.chat-dialog: none,,,,,from: 0 | to: 1,,,,,,.chat-dialog: 0,,.dialog-content: 0,.dialog-content: 0,,,,,,,,,,,,,,,,,,,,,,,.chat-dialog: 100%,,,
ChatInput,,,,,,,,,,,,,,,,,,,,,,,,,,,,,,,,,,,,.message-input::placeholder: var(--fg-text-inverse-60),,,.message-input:disabled: not-allowed,,,,,,,,,,".message-input: max(16px, 0.875rem) | .hint-text: 0.6875rem",,,,,,,,,,,,,,,,,,,,,,,,.input-wrapper: 44px,,,,.message-input:disabled: 0.6,".input-wrapper:focus-within: 2px solid var(--focus-ring-color, var(--bg-primary))",.input-wrapper:focus-within: 2px,,,,.input-wrapper: 0.625rem 0.875rem,,.input-container: 1.5rem,,.input-container: 1rem,.input-container: 1rem,.input-hint: var(--space-md),,,,,,.input-hint: center,,,,,,,,,,,,,,.input-form: 100%,,,
ChatMessage,,,,,,,,,,,,,,.message: flex-start | .user-content: flex-end | .message-avatar: center | .loading-message: flex-start | .error-content: flex-start,,,,,,,".message-bubble: var(--bg-primary) | .user-bubble: var(--bg-primary) | .assistant-bubble: var(--bg-inverse) | .loading-bubble: var(--bg-page) | .error-content: var(--error-bg, #fef2f2)",,,,,".error-content: 1px solid var(--error-border, #fecaca)",,.assistant-bubble: var(--fg-text-primary),".message-bubble: 18px | .user-bubble: var(--bdr-radius-small) var(--bdr-radius-small) 0px
      var(--bdr-radius-small) | .assistant-bubble: var(--bdr-radius-small) var(--bdr-radius-small)
      var(--bdr-radius-small) 0px | .loading-bubble: 18px | .error-content: 8px",.assistant-bubble: solid,.assistant-bubble: 1px,,,.loading-bubble: border-box,,".user-bubble: var(--fg-text-inverse) | .assistant-bubble: var(--fg-text-primary) | .message-time: var(--fg-text-primary) | .user-meta .message-time: var(--fg-text-primary) | .loading-bubble: var(--fg-text-primary) | .error-title: var(--error-text, #dc2626) | .error-details: var(--error-text-secondary, #7f1d1d)",,,,.message: flex | .user-content: flex | .message-avatar: flex | .error-content: flex,,.message-content: 1,.user-message: row-reverse | .user-content: column,,,.message-avatar: 0 | .error-icon: 0,,.loading-text: var(--font-family-alt),.message-bubble p: 1.2rem | .message-time: 0.75rem | .loading-text: var(--fs-200) | .error-icon: 1.25rem | .error-title: 0.875rem | .error-details: 0.8125rem,,.error-title: 600,.message: 0.75rem | .error-content: 0.75rem | .prompt-buttons: 0.75rem,,,,,,,,,,,.message: flex-start | .message-avatar: center,,.message-bubble p: 130% | .loading-text: 130%,,.message-bubble p: 0 | .loading-text: 0 | .error-title: 0 0 0.25rem 0 | .error-details: 0,,,.message-meta: 0.25rem,,.message-content: calc(100% - 50px) | .message-bubble: 100%,,,,,.message-time: 0.7,,,,,,.message: 0.75rem 1.5rem | .message-bubble: 0.75rem 1rem | .message-meta: 0 0.25rem | .loading-bubble: 0.75rem 1rem | .error-message: 1rem 1.5rem | .error-content: 1rem,,,,,,,,.message-bubble: relative | .loading-bubble: relative,,,,,,,,,,,,,,,,,,.loading-bubble: 100%,,.message-bubble: break-word | .loading-bubble: break-word,
ChatMessages,,,,,,,,,,,,,,,,,,,,,,,,,,,,,,,,,,,,,,,,.messages-container: flex,,.messages-container: 1,.messages-container: column,,,,,,,,,,,,,,,,,,.messages-container: 100%,,.messages-container: flex-start,,,,,,,,.messages-container: 100%,.messages-container: 800px,.messages-container: 0,,,,,,,,,.messages-container: auto,.messages-container: 0,,,,,,,,,,,,,,,,,,,,,,,,,,.messages-container: 100%,,,
ChatTrigger,,,,,,,,,,,,,,.chat-trigger: center,,,,.chat-trigger: 4 / 5,,,,.chat-trigger: var(--bg-page),.profile-image: top,.profile-image: no-repeat,.profile-image: cover,.chat-trigger: none,,,.chat-trigger: var(--bdr-radius-small) | .profile-image: var(--bdr-radius-tiny),,,,.chat-trigger: inset 0 0 0 1px var(--fg-text-primary),,,,.chat-trigger: inline-size,,.chat-trigger: pointer,.chat-trigger: flex | .profile-image: flex,,,,,,,,,,,,,,,,,,,,,.profile-image: 100%,,.chat-trigger: center,,,,,,,,,,,,,,,,,,,,.chat-trigger: 4px,,,,,,,,.chat-trigger: relative,,,,,,,,.chat-trigger:hover .profile-image: scale(0.98),.profile-image: all 0.15s ease-in-out,,,,,,,,,.chat-trigger: var(--width-4xl) | .profile-image: 100%,,,
Details,,,,,,,,,,,,,,.title: center | li: center,,,,,,,".title::after: currentColor | li::before: var(--before-color, currentColor)",,,,,,,,li::before: 2px,,,,,,,.title: rgba(var(--color-txt-primary)) | span: rgb(var(--color-txt-primary)) | li: rgb(var(--color-txt-primary)) | .dash: rgb(var(--color-txt-primary)),,.title::after: '' | li::before: '',,.layout: inline-flex | .title: flex | .title::after: block | ul: flex | li: flex | li::before: inline-block,,,.dialog-details: row | ul: column,.layout: column,,,li: nowrap,.title: var(--font-family-alt),.title: var(--fs-300),,.title: var(--fw-regular) | span: var(--fw-semibold) | li: var(--fw-medium) | .name: var(--fw-medium) | .role: var(--fw-regular) | .dash: var(--fw-regular),.layout: var(--spc-200) | .title: 8px | ul: var(--spc-100),,,,,,,,,.title::after: 1px | li::before: 0.6em,,,,,ul: none,.dash: 0 2px,,li::before: 6px,,,,,,,,,,,,,,,,,,ul: 0 | li: var(--spc-75),,,,.title: relative | li: relative,,,,,,,,,,,,,,,li::before: middle,,".name,
  .role,
  .dash,
  li: nowrap",.layout: 100% | .title::after: 100% | li::before: 0.6em,,,
Experience,,,,,,,,,,,,,,,,,,,,,,,,,,,,,,,,,,,,div: rgb(var(--fg-text-primary)) | .p-3: rgb(var(--fg-positive)),,,,div: inline-flex,,,div: column,,,,,,"div: clamp(18px, 4vw, 28px)",,.p-3: var(--fw-regular),div: 0.5em,,,,,,,,,,,,,,,,,,,,,,,,,,,,,,,,,,,div: 2em,,,,,,,,,,,,,,,,,,,,,,,,,
FilterGroup,,.filter-group: none,,,,,,,,,,,,,,,,,,,,,,,,,,,,,,,,,,,,,,.filter-group::-webkit-scrollbar: none,,,,,,,.filter-group: wrap,,,,,,,,,,,,,,,,,,,,,,,,,,,,,,,,,,.filter-group: auto,,,,.filter-group: 1.5rem,,,,,,,,,.filter-group: none,,,,,,,,,,,,,,,,,,
FilterToggle,,,,,,,,,,,,,,.filter-toggle: center,,,,,,,,.filter-toggle: var(--bg-pae) | .filter-toggle.active: var(--bg-primary),,,,.filter-toggle: none,,,.filter-toggle: var(--bdr-radius-small),,,,.filter-toggle: inset 0 0px 0px 1px var(--bg-primary) | .filter-toggle:hover: inset 0 0px 0px 2px var(--bg-primary) | .filter-toggle.active: inset 0 0px 0px 4px var(--bg-primary) | .filter-toggle.active:hover: inset 0 0px 0px 2px var(--bg-primary),,,.filter-toggle: var(--fg-text-primary) | .filter-toggle.active: var(--fg-text-inverse),,,.filter-toggle: pointer,.filter-toggle: inline-flex,,,,,,,,.filter-toggle: var(--font-family-main),.filter-toggle: var(--fs-350),,.filter-toggle: var(--fw-semibold),,,,,,,,,,,,,,,,,,,,,,,,,,,,,,,,.filter-toggle: 6px 10px,,,,,,,,,,,,,,.filter-toggle: capitalize,,,.filter-toggle: all 0.2s ease-in-out,,,,,.filter-toggle: none,,,.filter-toggle: nowrap,,,,
Footer,,,,,,,,,,,,,,.footer-section-root: flex-end | .dialog-completion-message: center,,,,,,,,.dialog-completion-message: rgba(var(--bg-inverse) / 0.8),,,,,,,.dialog-completion-message: var(--bdr-radius-small),,,,.dialog-completion-message: inset 0 0 0 1px rgba(var(--bdr-primary) / 0),,,".dialog-completion-message: rgb(var(--color-txt-primary)) | .dialog-completion-message p: rgba(var(--color-txt-secondary), 0.8)",,,,.dialog-completion-message: flex,,,.footer-section-root: row | .footer-section-content: column | .dialog-completion-message: column,,,,,,.dialog-completion-message: var(--fs-200) | .dialog-completion-message span: var(--fs-300) | .dialog-completion-message p: var(--fs-200),,.dialog-completion-message span: var(--fw-bold),.footer-section-content: 1em | .dialog-completion-message: 1em,,,,,,,,,,,.footer-section-root: flex-end | .footer-section-content: stretch | .dialog-completion-message: flex-start,,,,.dialog-completion-message p: 0,,,,,,,,,,,,,,,,.dialog-completion-message: 2em,,,,,,,,,,,,.dialog-completion-message: center,,,,,,,,,,,,,,,,,
FooterTitle,,,,,,,,,,,,,,.footer-title-root: flex-start,,,,,,,,,,,,,,,,,,,,,,.footer-title-root: var(--fg-text-primary),,,,.footer-title-root: flex | .title-line: block,,,.footer-title-root: column,,,,,,.footer-title-root: var(--fs-large-clamped),,.footer-title-root: var(--fw-semibold),,,,,,,,,,,,.footer-title-root: flex-end,,.title-line: 1.1,,,,,,,,,,,,,,,,,,,,,,,,,,,,,,.footer-title-root: start,,.footer-title-root: capitalize,,,,,,,,,,,,,,,
Fresha,,,,,,,,,,,,,,,,,,,,,,,,,,,,,,,,,,,,,,,,,,,,,,,,,,,,,,,,,,,,,,,,,,,,,,,,,,,,,,,,,,.dialog-root-scroll-wrapper: auto,,,,,,,.dialog-root-scroll-wrapper: 124px,,,,,.dialog-root-scroll-wrapper: none,,,,,,,,,,,,,,,.dialog-root-scroll-wrapper: 100%,,,
GemButton,,,,,,,,,,,,,,,,,,,,,,,,,,,,,,,,,,,,,,,,,,,,,,,,,.gem-button: 1.25rem,,,,,,,,,,,,,,,,,,,,,,,,,,,,,,,,,,.gem-button: 0.75rem 1.5rem,,,,,,,,,,,,,,,,,,,,,,,,,,,,,
Grid,,,,,,,,,,,,,,,,,,,,,,,,,,,,,,,,,,,,,,,,,,,,,,,,,,,,,,,,,,,.grid-container: var(--grid-desktop-columns),,,,,,,,,,,,,,,,,,,,,,,,,,,,,,,,,,,,,,,,,,,,,,,,,,,,,
GridItem,,,,,,,,,,,,,,,,,,.square-cell: 1/1,,,,,,,,,,,,,,,,,,,,,,,,,,,,,,,,,,,,,,,,,,,.grid-item: 100%,,,,,,,,,,,,,,,,,,,,,,,,,,,,,,,,,,,,,,,,,,,,,,,,.grid-item: 100%,,,
GridLayout,,,,,,,,,,,,,,,,,,.grid-item[data-grid-size='2-2']: 1 / 1,,,,,,,,,,,.grid-item: var(--bdr-radius-small),,,,,,,,,,,,,,,,,,,,,,,,,,,.grid-item.desktop-spans: span var(--grid-cols),.grid-item.desktop-spans: span var(--grid-rows),,".grid: repeat(var(--columns), 1fr)",,,,,,,,,,,,,,,,,,,,,.grid-item: hidden,,,,,,,,,,,,,,,,,,,,,,,,,,,,,,,,
Header,,,,,,,,,,,,,,.dialog-header: center,,,,,,,,,,,,,,,,,,,,,,,,,,.dialog-header: flex,,,,,,,,,,,,,,,,,,,,,,,.dialog-header: flex-end,.dialog-header: 0,,,,,,,,,,,,,,,,,,,,,.dialog-header: var(--spc-200),,.dialog-header: var(--spc-1000),.dialog-header: var(--spc-200),.dialog-header: var(--spc-200),,.dialog-header: absolute,,,,,,,.dialog-header: 0,,,,,,,,,,,.dialog-header: 100%,,,
Icon,,,,,,,,,,,,,,.icon-missing: center,,,,,,,.icon-missing: #f3f4f6,,,,,.icon-missing: 1px dashed #d1d5db,,,.icon-missing: 4px,,,,,,,.icon-missing: #6b7280,,,,.icon: inline-block | .icon-missing: inline-flex,,,,,,.icon: 0,,,.icon-missing: 10px,,.icon-missing: bold,,,,,,,,,,,,.icon-missing: center,,,,,,,,,,,,,,,,,,,,,,,,,,,,,,,,,,,,,,,,,,,.icon: middle,,,,,,
IconButton,,,,,,,,,,,,,,,,.btn :global(.loading-icon): spin 1s linear infinite,,,,,,.inverse: var(--bg-primary) | .primary: var(--bg-page),,,,.btn: none,,,.btn: var(--bdr-radius-small),,,,.inverse: inset 0 0px 0px 1px var(--bg-primary) | .primary: inset 0 0px 0px 1px var(--bg-inverse),,,,,,.btn:disabled: not-allowed,,,,,,,,,,,,.btn: var(--fw-semibold),,,,,,,,,,.btn: 44px,,,,,,,,,,,,,,,,.btn:disabled: 0.6,,,,,,,,,,,,,,,,,,,,,,.inverse:hover: scale(1.05) | .inverse:hover :global(.icon): scale(1.2) | .inverse:active: scale(0.95) | .primary:hover: scale(1.05) | .primary:hover :global(.icon): scale(1.2) | .primary:active: scale(0.95) | from: rotate(0deg) | to: rotate(360deg) | .btn:disabled:hover: none | .btn:disabled:hover :global(.icon): none,.btn: all 0.2s ease-in-out | .btn :global(.icon): transform 0.2s ease-in-out,.btn :global(.icon): 0.2ms,,,,,,,,.btn: 44px,,,
Image,,,,,,,,,,,,,,,,,,,,,,".image-container: rgba(
      255,
      192,
      203,
      0.1
    )",,,,".image-container: 1px solid rgba(255, 192, 203, 0.3)",,,.image-container img: var(--bdr-radius-medium),,,,,,,,,,,.image-container img: block,,,,,,,,,,,,,.image-container: var(--grid-area),,,,,,,,.image-container img: auto,,,,,,,,,,,,,,,.image-container img: cover,,,,.image-container: hidden,,,,,,,,,,,,,,,,,,,,,,,,,,,,,.image-container: 100% | .image-container img: 100%,,,
ImageCard,,,,,,,,,,,,,,,,,,,,,,,,,,,,,,,,,,,,,,,,.image-card: block | .cover-image: block,,,,,,,,,,,,,,,,,,,,,.image-card: 100% | .cover-image: 100%,,,.cover-image: 0,,,,,,,,,.cover-image: 100%,.cover-image: 100%,,.cover-image: cover,,,,.image-card: hidden,,,,,,,,,,,.image-card: relative | .cover-image: absolute,,,,,,,.cover-image: 0,,,,,,,,,,,.image-card: 100% | .cover-image: 100%,,,
ImageGrid,,,,,,,,,,,,,,,,,,.dialog-section-grid: 16 / 9,,,,".grid-area: rgba(0, 0, 255, 0.3)",,,,,,,,,,,,,,,,,,,,,,,,,,,,,,,.area-a: A | .area-b: B | .area-c: C | .area-d: D,,,,,".variant-one: 'A' | .variant-two: 'A B' | .variant-three: 'A B'
        'A B'
        'A B'
        'A C'
        'A C' | .variant-four: 'A B D'
        'A B D'
        'A B D'
        'A C D'",.variant-one: 1fr | .variant-two: 2fr 1fr | .variant-three: 2fr 1fr | .variant-four: 1fr 1fr 1fr,".variant-one: 1fr | .variant-two: 1fr | .variant-three: repeat(5, 1fr) | .variant-four: repeat(4, 1fr)",,,,,,,,,,,,,,,,,,,,.grid-area: hidden,,,,,,,,,,,,,,,,,,,,,,,,,,,,,,,,
Indicator,,,,,,,,,,,,,,,,.indicator--pulse: none,,,,,,.indicator: var(--fg-text-danger),,,,.indicator: 2px solid var(--bg-page),,,.indicator: var(--bdr-radius-pill),,,,,,,,,,,.indicator: inline-block,,,,,,,,,,,,,,,,,,,,,.indicator: 16px,,,,,,,,,,,,,,,,,,,,,,,,,,,,,,.indicator: absolute,,.indicator: -6px,,,,,.indicator: -6px,"0%,
    100%: scale(1) | 50%: scale(1.1)",,,,,,,,,,.indicator: 16px,,,
Intro,,,,,,,,,,,,,,,,,,,,,,,,,,,,,,,,,,,,p: rgb(var(--fg-text-primary)),,,,,,,,,,,,,"p: clamp(var(--fs-500), 4vw, var(--fs-800))",,p: var(--fw-bold),,.dialog-intro-root: var(--grid-area),,,,,,,,,,,,p: 120%,,,,,,,,,,,,,,,,,,,,p: var(--spc-400),,,,,,,,,,,,,,,,,,,,,,,,,,,
Introduction,,,,,,,,,,,,,,,,,,,,,,,,,,,,,,,,,,,,div: rgb(var(--fg-text-primary)),,,,div: inline-flex,,,div: column,,,,,,"div: clamp(18px, 4vw, 28px)",,p: var(--fw-medium),div: 0.5em,,,,,,,,,,,,,,,,,,,,,,,,,,,,,,,,,,,div: 2em,,,,,,,,,,,,,,,,,,,,,,,,,
Link,,,,,,,,,,,,,,,,,,,,,,".primary: var(--primary-color, #3b82f6) | .primary:hover:not(.disabled): var(--primary-hover-color, #2563eb) | .secondary: transparent | .secondary:hover:not(.disabled): var(--secondary-hover-color, #f3f4f6)",,,,,,,.link: 0.25rem,,,,,,,".primary: white | .secondary: var(--text-color, #374151)",,,.disabled: not-allowed,.link: inline-flex,,,,,,,,,,,,,,,,,,,,,,,,,,,,,,,,,,,,,.disabled: 0.5,,,,,,.link: 0.5rem 1rem,,,,,,,,,,,,,.link: none,,,.link:active:not(.disabled): scale(0.98),.link: all 0.2s ease-in-out,,,,,,,,,,,,
LinkList,,,,,,,,,,,,,,,,,,,,,,,,,,,,,,,,,,,,.nav-link: var(--fg-text-primary-60) | .nav-link:hover: var(--fg-text-primary) | .nav-link.active: var(--fg-text-primary),,,,ul: flex,,,ul: row,,,,,,"ul: clamp(16px, 4vw, 24px)",,ul: var(--fw-semibold),ul: 0.5em,,,,,,,,,,,,,,,,,,,,,,,,,,,,,,,,,,,,,,,,,,,,.nav-link: none,,,,,,,,,,,,,,,,
List,,,,,,,,,,,,,,.list__item--structured: baseline,,,,,,,,,,,,,,,,,,,,,,.list__item-name: var(--fg-text-primary) | .list__item-separator: var(--fg-text-primary-80) | .list__item-role: var(--fg-text-primary-80),,,,.list: flex | .list__item--structured: flex,,,.list: column,,,,,,,,".list__item-role: var(--fw-regular) | .list--normal .list__item:not(.list__item--structured): var(--fw-medium, 500) | .list--strong .list__item:not(.list__item--structured): var(--fw-bold, 700) | .list__item-name--normal: var(--fw-medium, 500) | .list__item-name--strong: var(--fw-bold, 700)",.list: var(--space-sm) | .list__item--structured: 0.25em,,,,,,,,,,,,,.list--strong .list__item: var(--lh-snug),.list--plain: none | .list--bullet: disc | .list--number: decimal,,,,,,.list--strong .list__item: var(--width-prose-sm),,,,,,,,,,,.list: 0,,,,.list--bullet: 0.8em | .list--number: 1.5em | .list--custom: 1.5em,,,,,,,,,,,,,,,,,,,,,.list__item-name: nowrap | .list__item-separator: nowrap | .list__item-role: nowrap,,,,
McpText,,,,,,,,,,,,,,.flex-container: center,,,,,,,,".mcp-text: rgba(166, 12, 12, 0.8)",,,,,,,,,,,,,,.text-content: #ffffff,,,,.flex-container: flex,,,.flex-container: row,,,.text-content: 0,,".text-content: 'Geist Mono', monospace",.text-content: 1rem,.text-content: normal,.text-content: 500,,,,,,,,,,.mcp-text: 100% | .flex-container: 100%,,.flex-container: center,,.text-content: normal,,,,,,,,,,,,,,,,,,,.content-box: 4.813rem,,.content-box: 12.188rem,,,,,.mcp-text: relative | .flex-container: relative | .text-content: relative,,,,.text-content: left,,,,,,,,,,,,,.text-content: pre,.mcp-text: 100% | .flex-container: 100%,,,
Prefix,,,,,,,,,,,,,,.prefix-root: flex-start | .image-container: center,,,,.image-container: 1 / 1,,,,,,,,,,,.image-container img: var(--bdr-radius-medium),,,,,,,"h2,
  div: rgb(var(--fg-text-primary))",,,,.prefix-root: flex | .image-container: flex | .image-container img: block | .prefix-root:has(.image-container): flex,,,.prefix-root: column,,.image-container: 0,.prefix-root: 0 | h2: 0 | p: 0 | .image-container: 0,,,"h2: clamp(1.5rem, 4vw, 2.5rem) | p: clamp(var(--fs-250), 3vw, var(--fs-400))",,"h2: var(--fw-bold, 700) | p: var(--fw-regular)",,.prefix-root: prefix,,,,,,,,.image-container img: 100%,,.prefix-root: flex-start | .image-container: center,,p: 130%,,,,,,,.image-container: 200px,.prefix-root: fit-content,,,.image-container img: cover,,,,.image-container: hidden,,,,,,,,,,,,,,,h2: start | p: start,,,,,,,,,,,,,,.prefix-root: 100% | .image-container: 100% | .image-container img: 100%,,,
Principles,,,,,,,,,,,,,,,,,,,,,.dialog-principles-word-wrapper: transparent,,,,,,,,,,,,,,,,,,,.animation-segment: inline-block | .fallback-image: block,,,,,,.image-segment: 0 | .animation-segment: 0,,,,,.text-segment: var(--fw-semibold),,,,,,,,,,.image-segment: 1em | .animation-segment: 1em | .fallback-image: 100%,,,,,,,,.image-segment: 0.5rem | .animation-segment: 0.5rem,,,,,,,.image-segment: contain | .fallback-image: contain,,,,,,,,,,,,,,,,,,,,,,,,,,,,,,,,.text-segment: break-spaces,.image-segment: 1em | .animation-segment: 1em | .fallback-image: 100%,,,
Process,,,,,,,,,,,,,,,,,,,,,,,,,,,,,,,,,,,,div: rgb(var(--fg-text-primary)),,,,div: inline-flex,,,div: column,,,,,,"div: clamp(18px, 4vw, 28px)",,,div: 0.5em,,,,,,,,,,,,,,,,,,,,,,,,,,,,,,,,,,,div: 2em,,,,,,,,,,,,,,,,,,,,,,,,,
ProgressIndicator,".bracket-left,
  .bracket-right,
  .step-number: grayscale",,.progress-container: center | .indicator: center,,.progress-container: row,".bracket-left,
  .bracket-right,
  .step-number: antialiased",.progress-container: center,,,,,.indicator: translateZ(0),,.progress-container: center | .indicator: center | .bridge: center,,,,,,,,.indicator: rgb(var(--color-bg-page)) | .bridge: rgb(var(--color-bdr-muted)) | .bridge.active: rgb(var(--color-bdr-primary)),,,,,,,,,,,,,,".indicator: var(--fg-text-muted, #666) | .indicator.active: var(--fg-text, #000)",,,,.progress-container: flex | .indicator: flex | .bridge: flex,,.bridge: 0 0 16px | .bridge.active: 1 0 auto,.progress-container: row,,,,,".bracket-left,
  .bracket-right,
  .step-number: var(--font-family-alt)",.indicator: var(--fs-300),,".bracket-left,
  .bracket-right,
  .step-number: 400",.progress-container: 0,,,,,,,,,.bridge: 1px,,.progress-container: flex-start | .bridge: center,,,,,,,,,,,,,,.indicator: 0.5 | .indicator.active: 1,,,,,,.step-number: 0 0.2rem,,,,,,,,,,,,,,,,.indicator: translateZ(0),".indicator,
    .bridge: none",,".indicator: 0.3s | .bridge: 0.3s | .indicator.animated,
  .bridge.animated: 0.3s",".indicator: color, opacity | .bridge: flex-basis, background-color | .indicator.animated,
  .bridge.animated: all",".indicator: ease | .bridge: ease | .indicator.animated,
  .bridge.animated: ease",,,,,.progress-container: 100%,,,
ProgressToast,,,,,,,,,,,,,,.progress-toast: center | .progress-content: center | .progress-dots: center,,.progress-dot.current .dot-inner: pulse 1.5s ease-in-out infinite | .progress-dot.visited.animated .dot-inner: fillDot 0.4s ease-out forwards,,,,,,.progress-toast: rgba(var(--bg-inverse) / 0) | .progress-dots: rgba(var(--bg-positive) / 0.8) | .dot-inner: rgba(var(--fg-positive) / 0.2) | .progress-dot.visited .dot-inner: rgba(var(--fg-positive) / 1),,,,.dot-inner: 1px solid rgba(var(--fg-positive) / 0.4),,.progress-dot.visited .dot-inner: rgba(var(--fg-positive) / 1),.progress-toast: var(--bdr-radius-small) | .progress-dots: var(--bdr-radius-pill) | .progress-dot: var(--bdr-radius-pill) | .dot-inner: var(--bdr-radius-pill),,,,.progress-toast: inset 0 0 0 1px rgba(var(--bdr-primary) / 0),,,.progress-toast: rgb(var(--color-txt-primary)),,,,.progress-toast: flex | .progress-content: flex | .progress-dots: flex,,,.progress-toast: row | .progress-content: row | .progress-dots: row,,,,,,.progress-toast: var(--fs-200),,,.progress-toast: var(--spc-200) | .progress-content: var(--spc-300) | .progress-dots: var(--spc-100),,,,,,,,,.progress-toast: 44px | .progress-dot: 8px | .dot-inner: 100%,,.progress-toast: center | .progress-content: center,,,,,,,,,,,.progress-toast: 250px,,,0%: 1 | 50%: 0.8 | 100%: 1,,,,,,.progress-dots: var(--spc-100),,,,.progress-toast: var(--spc-300),.progress-toast: var(--spc-300),,,.progress-dot: relative,,,,,,,,.dot-inner: scale(1) | 0%: scale(1) | 50%: scale(1.1) | 100%: scale(1),.dot-inner: all 0.3s ease-in-out,,,,,,,,,.progress-dot: 16px | .dot-inner: 100%,,,
PromptButton,,,,,,,,,,,,,,.prompt-btn: center,,,,,,,.prompt-btn: transparent,".prompt-btn--secondary: var(--bg-secondary, var(--bg-page)) | .prompt-btn--secondary:hover:not(.prompt-btn--disabled): var(--bg-secondary-hover, var(--bg-primary))",,,,.prompt-btn: 1px solid transparent,,".prompt-btn--default: var(--fg-text-primary-40) | .prompt-btn--default:hover:not(.prompt-btn--disabled): var(--fg-text-primary-60) | .prompt-btn--default:active:not(.prompt-btn--disabled): var(--fg-text-primary-20) | .prompt-btn--secondary: var(--border-secondary, var(--fg-text-primary-30)) | .prompt-btn--secondary:hover:not(.prompt-btn--disabled): var(--bg-primary)",.prompt-btn: var(--bdr-radius-pill),,,,.prompt-btn--disabled: none !important,,,".prompt-btn--default: var(--fg-text-primary-60) | .prompt-btn--default:hover:not(.prompt-btn--disabled): var(--fg-text-primary) | .prompt-btn--default:active:not(.prompt-btn--disabled): var(--fg-text-primary-20) | .prompt-btn--secondary: var(--fg-text-secondary, var(--fg-text-primary)) | .prompt-btn--secondary:hover:not(.prompt-btn--disabled): var(--fg-text-inverse)",,,.prompt-btn: pointer | .prompt-btn--disabled: not-allowed,.prompt-btn: inline-flex,,,,,,.prompt-btn: 0,,.prompt-btn: var(--font-family-main),.prompt-btn: var(--fs-300),,.prompt-btn: var(--fw-medium),,,,,,,,,,,,.prompt-btn: center,,.prompt-btn: 1.2,,,,,,,,.prompt-btn: 36px,,,,.prompt-btn--disabled: 0.5,".prompt-btn:focus-visible: 2px solid var(--focus-ring-color, var(--bg-primary))",.prompt-btn:focus-visible: 2px,.prompt-btn: hidden,,,.prompt-btn: 0.5rem 0.75rem,,,,,,,,.prompt-btn: relative,,,,.prompt-btn: center,,,,.prompt-btn--disabled: none !important,.prompt-btn: all 0.2s ease,,,,,,,,.prompt-btn: nowrap,,,,
QAChat,,,,,,,,,,,,,,,,,,,,,,,,,,,,,,,,,,,,,,,,,,,,,,,,,,,,.chat-actions: 0.25rem,,,,,,,,,.chat-container: 100%,,,,,,,,,,,.chat-container: 100%,,,,,,,,,,,,,,,.chat-header: 1rem,.chat-header: 1rem,,,,,,,,,,,,,,,,,,,,,,,,
Root,,,,,,,,,,,,,,,,,,,,,,.dialog-backdrop: var(--bg-overlay),,,,.dialog-backdrop: none,,,,,,,,,,,,,.dialog-backdrop: default,,,,,,,,,,,,,,,,,,,,,,.dialog-backdrop: 100% | .dialog-root: calc(100vh - 2rem),,,.dialog-backdrop: 0,,,,,,,,,,,,,,,,:global(body.dialog-open): hidden,,,.dialog-backdrop: 0,,,,,,,,.dialog-backdrop: fixed,,,,,,,.dialog-backdrop: 0,,,,,,,,,,,.dialog-backdrop: 100% | .dialog-root: calc(100vw - 2rem),,,.dialog-backdrop: 999
Section,,,,,,,,,,,,,.section-root: center,,,,,,,,,,,,,,,,,,,,,,,.section-root: rgb(var(--fg-text-primary)),,,,.section-root: flex,,,,,,,,,,,,.section-grid: 32px,,,,,,".section-grid: 'header header header header'
        'prefix body   body   body'
        'footer footer footer footer'",".section-grid: repeat(4, 1fr)",,,,.section-root: center,,,,,,,,,,,,,,,,,,,,,,,,.has-padding: 80px,.has-padding: 80px,,,,,,,,,,,,,,,,,,,,,.section-root: 100%,,,
Shell,,,,,,,,,,,,,,,,,,,,,,,,,,,,,,,,,,,,,,,,,,,,,,,,,,,,,,,,,,,,,,,,,,,,,,,,,,,,,,,,,,.dialog-root-scroll-wrapper: auto,,,,,,,.dialog-root-scroll-wrapper: 124px,,,,,.dialog-root-scroll-wrapper: none,,,,,,,,,,,,,,,.dialog-root-scroll-wrapper: 100%,,,
Subheader,,,,,,,,,,,,,,,,,,,,,,,,,,,,,,,,,,,,.subheader.primary: var(--fg-text-primary) | .subheader.inverse: var(--fg-text-inverse),,,,,,,,,,,,.subheader: var(--font-family-main),.subheader: var(--fs-xlarge-clamped),,.subheader: var(--fw-semibold),,,,,,,,,,,,,,,,,,,,,,,,,,,,,,,,,,,,,,,,,,,,,,,,,,,,,,,,,,,,,
Tag,,,,,,,,,,,,,,.tag: center,,,,,,,,.tag--primary: transparent | .tag--inverse: transparent,,,,,,,.tag: var(--bdr-radius-pill),,,,.tag--primary: 0 0 0 1px currentColor | .tag--inverse: 0 0 0 1px currentColor,,,.tag--primary: var(--fg-text-primary) | .tag--inverse: var(--fg-text-inverse),,,,.tag: inline-flex,,,,,,,,,.tag: var(--fs-350),,.tag: var(--fw-semibold),,,,,,,,,,,,.tag: center,,,,,,,,,,,,,,,,,,,,.tag: var(--space-xs) var(--space-md),,,,,,,,,,,,,,,,,,,,,,,,,.tag: nowrap,,,,
TagList,,,,,,,,,,,,,,.tag-list--align-start: flex-start | .tag-list--align-center: center | .tag-list--align-end: flex-end,,,,,,,,,,,,,,,,,,,,,,,,,,.tag-list: flex,,,.tag-list--horizontal: row | .tag-list--vertical: column,,,,.tag-list--wrap: wrap,,,,,.tag-list--gap-xs: var(--space-xs) | .tag-list--gap-sm: var(--space-sm) | .tag-list--gap-md: var(--space-md) | .tag-list--gap-lg: var(--space-lg),,,,,,,,,,,.tag-list--align-start: flex-start | .tag-list--align-center: center | .tag-list--align-end: flex-end,,,.tag-list: none,,,,,,,,,,,,,,,,,,,,,,,,,,,,,,,,,,,,,,,,,,,,,,
TestOne,,,,,,,,,,,,,,,,,,,,,,,,,,,,,,,,,,,,,,,,,,,,,,,,,,,,,,,,,,,,,,,,,,,,,,,,,,,,,,,,,,.dialog-root-scroll-wrapper: auto,,,,,,,.dialog-root-scroll-wrapper: 124px,,,,,.dialog-root-scroll-wrapper: none,,,,,,,,,,,,,,,.dialog-root-scroll-wrapper: 100%,,,
TestThree,,,,,,,,,,,,,,,,,,,,,,,,,,,,,,,,,,,,,,,,,,,,,,,,,,,,,,,,,,,,,,,,,,,,,,,,,,,,,,,,,,.dialog-root-scroll-wrapper: auto,,,,,,,.dialog-root-scroll-wrapper: 124px,,,,,.dialog-root-scroll-wrapper: none,,,,,,,,,,,,,,,.dialog-root-scroll-wrapper: 100%,,,
TestTwo,,,,,,,,,,,,,,,,,,,,,,,,,,,,,,,,,,,,,,,,,,,,,,,,,,,,,,,,,,,,,,,,,,,,,,,,,,,,,,,,,,.dialog-root-scroll-wrapper: auto,,,,,,,.dialog-root-scroll-wrapper: 124px,,,,,.dialog-root-scroll-wrapper: none,,,,,,,,,,,,,,,.dialog-root-scroll-wrapper: 100%,,,
Text,,,,,,,,,,,,,,.dialog-text-section: flex-start | .dialog-text-section-content: flex-start,,,,,,,,,,,,,,,,,,,,,,.dialog-text-section-text: rgb(var(--fg-text-primary)),,,,.dialog-text-section: flex | .dialog-text-section-content: flex,,,.dialog-text-section: column | .dialog-text-section-content: column,,,,,,".dialog-text-section-text: clamp(var(--fs-350), 4vw, var(--fs-500))",,.dialog-text-section-text: var(--fw-semibold),.dialog-text-section-content: var(--spc-200),.dialog-text-section: var(--grid-area),,,,,,,,,,.dialog-text-section: center | .dialog-text-section-content: center,,.dialog-text-section-text: 130%,,,,,,,.dialog-text-section-text: 47ch,,,,,,,,,,,,,,,,,,,.dialog-text-section: relative | .dialog-text-section-content: relative,,,,,,,,,,,,,,,,.dialog-text-section-title: visible,,,,,
TextCard,,,,,,,,,,,,,,.tag-container: center,,,,,,,,,,,,,,,,,,,,,,h2: rgb(var(--color-txt-primary)) | p: rgb(var(--color-txt-primary)),,,,.text-card: flex | .tag-container: flex,,,.text-card: column-reverse | .tag-container: row,,,,,,,,,,,,,,,,,,.text-card: 100%,,.text-card: space-between | .tag-container: space-between,,,,,,,,,,,,,,,,,,,,,,.text-card: var(--spc-300),,.text-card: var(--spc-300),.text-card: var(--spc-300),.text-card: var(--spc-200),,,,,,,,,,,,,,,,,,,,.text-card: 100%,,,
Title,,,,,,,,,,,,,,section: flex-start,,,,,,,,,,,,,,,,,,,,,,h1: rgb(var(--fg-text-primary)),,,,,,,section: row,,,,,,h1: var(--fs-700),,h1: var(--fw-bold),,,,,,,,,,,,section: space-between,,,,,,,,,,,,,,,,,,,,,,section: var(--spc-500),,,,,,,,,,p: end,,h1: uppercase,,,,,,,,,,,,,,,
TopNav,,,,,,,,,,,,,,nav: center | .left: center | .name-and-links: flex-start | .right: center,,,,,,,,,,,,,,,,,,,,,,p: var(--fg-text-primary),,,,.left-wrapper: flex | .left: flex | .name-and-links: flex | .right: flex,,,nav: row | .name-and-links: column,,,,,,p: var(--fs-300),,p: var(--fw-semibold),.left: var(--space-xl) | .name-and-links: 0.5em,,,,,,,,,,,.left-wrapper: flex-start | .name-and-links: flex-start,,,,,,,,,,,,,,,,,,,,,,,,,,,,,,,,,,,,,,,,,,,,,,,,,
VideoCard,,,,.cover-video: none,,,,.cover-video: none,.cover-video: none,.cover-video: none,.cover-video: none,,,.video-card: flex-end | .play-indicator: center,.tag-container: flex-start,,.cover-video: none,,,,,".play-indicator: rgba(0, 0, 0, 0.6)",,,,.video-card: none,,,.play-indicator: 50%,,,,,,,.play-indicator: white,,,.video-card: pointer,.video-card: flex | .cover-video::-webkit-media-controls: none !important | .cover-video::-webkit-media-controls-panel: none !important | .play-indicator: flex,,,.video-card: column-reverse,,,,,,,,,,,,,,,,,,.video-card: 100% | .cover-video: 100% | .play-indicator: 48px,,.video-card: flex-end | .play-indicator: center,.cover-video: 0 | .play-indicator: 50%,,,,,,,,,,,,.cover-video: cover,.play-indicator: 0 | .play-indicator.visible: 1,,,.video-card: hidden,,,,,.video-card: var(--spc-300),,.video-card: var(--spc-300),.video-card: var(--spc-300),.video-card: var(--spc-200),,.video-card: relative | .tag-container: relative | .cover-video: absolute | .play-indicator: absolute,,,,,,,.cover-video: 0 | .play-indicator: 50%,".play-indicator: translate(-50%, -50%)",.play-indicator: opacity 0.3s ease,,,,,,,,,.video-card: 100% | .cover-video: 100% | .play-indicator: 48px,,,.tag-container: 1 | .cover-video: 0 | .play-indicator: 2
VideoTile,,,,,,,,,,,,,,.subject-tag: center | .duration-info: center,,,,,,,,,,,,.circle-indicator: 1px solid #989cb8,,,.circle-indicator: 999px,,,,,.tile-header: border-box | .tile-footer: border-box,,.subject-text: #989cb8 | .duration-text: #989cb8 | .video-title: #26272d,,,.video-thumbnail: pointer,.tile-header: flex | .subject-tag: flex | .duration-info: flex | .tile-footer: flex,,,.tile-header: row | .subject-tag: row | .duration-info: row | .tile-footer: row,,,,,".subject-text: 'Geist Mono', monospace | .duration-text: 'Geist Mono', monospace | .video-title: 'Geist', sans-serif",.subject-text: 12px | .duration-text: 12px | .video-title: 14px,,.subject-text: 400 | .duration-text: 400 | .video-title: 500,.subject-tag: 4px,,,,,,,,,".video-tile-root: 506.44px | .tile-header: 44px | .subject-tag: 12px | .circle-indicator: 12px | .duration-info: 12px | .video-container: 413.44px | .video-container iframe,
  .video-thumbnail: 100% | .video-thumbnail img: 100% | .tile-footer: 49px",,.tile-header: space-between,".video-container iframe,
  .video-thumbnail: 0 | .play-button: 50%",.video-title: 120%,,.video-title: 0,,,,,.video-tile-root: 568px,,,,.video-thumbnail img: cover,,,,,,,.tile-header: 16px 0px | .tile-footer: 16px 0px,,.video-container: 0,,,,,,".video-container iframe,
  .video-thumbnail: absolute | .play-button: absolute | .video-container iframe,
    .video-thumbnail: relative",,,,,,,".video-container iframe,
  .video-thumbnail: 0 | .play-button: 50%",".play-button: translate(-50%, -50%) | .video-thumbnail:hover .play-button: translate(-50%, -50%) scale(1.1)",.play-button: transform 0.2s ease,,,,,,,,,".video-tile-root: 767px | .tile-header: 100% | .circle-indicator: 12px | .video-container iframe,
  .video-thumbnail: 100% | .video-thumbnail img: 100% | .tile-footer: 100%",,,
Weather,,,,,,,,,,,,,,.location-info-root: flex-start | .weather-state-container: center | .weather-icon-slot: center | .weather-content: flex-start | .weather-action-slot: center,,.loading-state .weather-icon-slot :global(svg): pulse 2s ease-in-out infinite,,,,,,.location-info-root: var(--bg-page) | .loading-state: var(--bg-page),,,,,,,.location-info-root: var(--bdr-radius-small),,,,.location-info-root: inset 0 0 0 1px var(--fg-text-primary),,,.weather-text-primary: var(--fg-text-primary) | .weather-text-secondary: var(--fg-text-secondary) | .loading-text: var(--fg-text-secondary),,,,.location-info-root: flex | .weather-state-container: flex | .weather-icon-slot: flex | .weather-content: flex | .weather-action-slot: flex,,,.location-info-root: column | .weather-state-container: row | .weather-content: column,,.weather-content: 1,.weather-icon-slot: 0 | .weather-action-slot: 0,,.location-info-root: var(--font-family-main) | .weather-text-primary: var(--font-family-main) | .weather-text-secondary: var(--font-family-main) | .loading-text: var(--font-family-alt),.weather-text-primary: var(--fs-275) | .weather-text-secondary: var(--fs-200),,.weather-text-primary: var(--fw-semibold),.weather-state-container: 12px | .weather-content: 2px,,,,,,,,,.location-info-root: 72px,,.location-info-root: center | .weather-state-container: flex-start | .weather-icon-slot: center | .weather-content: center,,.weather-text-secondary: 1.3,,.weather-text-secondary: 0,,,,,,.weather-state-container: 64px,,,,0%: 0.6 | 50%: 1 | 100%: 0.6,,,.location-info-root: hidden,,,.weather-state-container: 16px,,,,,,,,,,,,,,,,0%: scale(1) rotate(0deg) | 50%: scale(1.1) rotate(180deg) | 100%: scale(1) rotate(360deg),.weather-state-container: all 0.2s ease-in-out,,,,,,,,,.location-info-root: 100% | .weather-state-container: 100%,,,
WeatherDebugPanel,,,,,,,,,,,,,,.debug-header: center | .state-item: center,,,,,.debug-panel: blur(10px),,".debug-panel: rgba(0, 0, 0, 0.95) | .debug-header: rgba(255, 255, 255, 0.1) | .collapse-btn,
  .close-btn: none | .collapse-btn:hover,
  .close-btn:hover: rgba(255, 255, 255, 0.2) | .state-display: rgba(255, 255, 255, 0.05) | .scenario-btn: rgba(255, 255, 255, 0.1) | .scenario-btn:hover: rgba(255, 255, 255, 0.2) | .scenario-btn:active: rgba(255, 255, 255, 0.3) | .debug-content::-webkit-scrollbar-track: rgba(255, 255, 255, 0.1) | .debug-content::-webkit-scrollbar-thumb: rgba(255, 255, 255, 0.3) | .debug-content::-webkit-scrollbar-thumb:hover: rgba(255, 255, 255, 0.5)",,,,,".debug-panel: 1px solid rgba(255, 255, 255, 0.2) | .collapse-btn,
  .close-btn: none | .scenario-btn: 1px solid rgba(255, 255, 255, 0.2)",".debug-header: 1px solid rgba(255, 255, 255, 0.1) | .control-section h4: 1px solid rgba(255, 255, 255, 0.1)",,".debug-panel: 8px | .collapse-btn,
  .close-btn: 4px | .state-display: 4px | .scenario-btn: 4px | .debug-content::-webkit-scrollbar-thumb: 3px",,,,".debug-panel: 0 8px 32px rgba(0, 0, 0, 0.5)",,,".debug-panel: white | .collapse-btn,
  .close-btn: white | .state-display h4: #ccc | .label: #aaa | .value.active: #4ade80 | .value.loading: #3b82f6 | .value.error: #ef4444 | .value.success: #10b981 | .control-section h4: #ccc | .scenario-btn: white",,,".debug-panel.dragging: grabbing | .debug-header: grab | .debug-header:active: grabbing | .collapse-btn,
  .close-btn: pointer | .scenario-btn: pointer",.debug-header: flex | .header-controls: flex | .state-info: flex | .state-item: flex | .button-grid: grid | .scenario-grid: flex,,,.state-info: column | .scenario-grid: column,,,,,".debug-panel: var(--font-family-alt, monospace)",".debug-panel: 12px | .debug-header h3: 14px | .collapse-btn,
  .close-btn: 12px | .state-display h4: 12px | .label: 11px | .value: 11px | .control-section h4: 12px | .scenario-btn: 11px",,.debug-header h3: 600 | .value: 600,.header-controls: 8px | .state-info: 4px | .button-grid: 6px | .scenario-grid: 4px,,,,,,,.button-grid: 1fr 1fr,,.debug-panel.collapsed: auto,,.debug-header: space-between | .state-item: space-between,,".collapse-btn,
  .close-btn: 1",,.debug-header h3: 0 | .state-display h4: 0 0 8px 0 | .control-section h4: 0 0 8px 0,.state-display: 16px | .control-section: 16px,,,.debug-panel: 80vh | .debug-content: calc(80vh - 50px),,,,,,,,,.debug-panel: hidden,,.debug-content: auto,".debug-header: 8px 12px | .collapse-btn,
  .close-btn: 4px | .debug-content: 12px | .state-display: 8px | .scenario-btn: 6px 8px",,.control-section h4: 4px,,,,,,.debug-panel: fixed,,,,.scenario-btn: left,,,,,.scenario-btn: background-color 0.2s,,,,,.debug-panel: none,,,,.debug-panel: 320px | .debug-content::-webkit-scrollbar: 6px,,,.debug-panel: 9999
