CSS Property,TestThemeHook,FilterToggle,FilterGroup,ChatInput,ChatMessage,ChatMessages,QAChat,ChatDialog,Accordion,AccordionList,BasicLayout,GridItem,Grid,ImageCard,TextCard,VideoCard,Link,LinkList,GridLayout,ProgressIndicator,Callout,ProgressToast,RainDrops,Avatar,Icon,Subheader,Indicator,TagList,IconRefresh,Tag,List,McpText,Weather,WeatherIcon,WeatherDebugPanel,IconButton,Button,GemButton,PromptButton,CanvasAnimation,AnimatedTextPath,AnimatedTextPathSpag,TopNav,ChatTrigger,VideoTile,Footer,FooterTitle,Experience,Introduction,Process,Details,Intro,Header,ImageGrid,Fresha,Principles,Title,Image,Root,Section,Shell,Prefix,AnimatedBackground,Text,TestTwo,TestThree,TestOne
-moz-osx-font-smoothing,,,,,,,,,,,,,,,,,,,,".bracket-left,
  .bracket-right,
  .step-number: grayscale",,,,,,,,,,,,,,,,,,,,,,,,,,,,,,,,,,,,,,,,,,,,,,,
-ms-overflow-style,,,.filter-group: none,,,,,,,,,,,,,,,,,,,,,,,,,,,,,,,,,,,,,,,,,,,,,,,,,,,,,,,,,,,,,,,,
-webkit-align-items,,,,,,,,,,,,,,,,,,,,.progress-container: center | .indicator: center,,,,,,,,,,,,,,,,,,,,,,,,,,,,,,,,,,,,,,,,,,,,,,,
-webkit-appearance,,,,,,,,,button: none,,,,,,,.cover-video: none,,,,,,,,,,,,,,,,,,,,,,,,,,,,,,,,,,,,,,,,,,,,,,,,,,,
-webkit-flex-direction,,,,,,,,,,,,,,,,,,,,.progress-container: row,,,,,,,,,,,,,,,,,,,,,,,,,,,,,,,,,,,,,,,,,,,,,,,
-webkit-font-smoothing,,,,,,,,,,,,,,,,,,,,".bracket-left,
  .bracket-right,
  .step-number: antialiased",,,,,,,,,,,,,,,,,,,,,,,,,,,,,,,,,,,,,,,,,,,,,,,
-webkit-justify-content,,,,,,,,,,,,,,,,,,,,.progress-container: center,,,,,,,,,,,,,,,,,,,,,,,,,,,,,,,,,,,,,,,,,,,,,,,
-webkit-media-controls,,,,,,,,,,,,,,,,.cover-video: none,,,,,,,,,,,,,,,,,,,,,,,,,,,,,,,,,,,,,,,,,,,,,,,,,,,
-webkit-media-controls-panel,,,,,,,,,,,,,,,,.cover-video: none,,,,,,,,,,,,,,,,,,,,,,,,,,,,,,,,,,,,,,,,,,,,,,,,,,,
-webkit-media-controls-play-button,,,,,,,,,,,,,,,,.cover-video: none,,,,,,,,,,,,,,,,,,,,,,,,,,,,,,,,,,,,,,,,,,,,,,,,,,,
-webkit-media-controls-start-playback-button,,,,,,,,,,,,,,,,.cover-video: none,,,,,,,,,,,,,,,,,,,,,,,,,,,,,,,,,,,,,,,,,,,,,,,,,,,
-webkit-transform,,,,,,,,,,,,,,,,,,,,.indicator: translateZ(0),,,,,,,,,,,,,,,,,,,,,,,,,,,,,,,,,,,,,,,,,,,,,,,
align-content,,,,,,,,,,,,,,,,,,,,,,,,,,,,,,,,,,,,,,,,,,,,,,,,,,,,,,,,,,,,.section-root: center,,,,,,,
align-items,,.filter-toggle: center,,,.message: flex-start | .user-content: flex-end | .message-avatar: center | .loading-message: flex-start | .error-content: flex-start,,,.chat-dialog[open]: flex-end,.wrapper: flex-start | button: center | .label: baseline,,.basic-layout-top-bar: center,,,,.tag-container: center,.video-card: flex-end | .play-indicator: center,,,,.progress-container: center | .indicator: center | .bridge: center,.callout-root: center,.progress-toast: center | .progress-content: center | .progress-dots: center,,.avatar: center,.icon-missing: center,,,.tag-list--align-start: flex-start | .tag-list--align-center: center | .tag-list--align-end: flex-end,,.tag: center,.list__item--structured: baseline,.flex-container: center,.location-info-root: flex-start | .weather-state-container: center | .weather-icon-slot: center | .weather-content: flex-start | .weather-action-slot: center,,.debug-header: center | .state-item: center,,.btn: center | .btn-layout: center,,.prompt-btn: center,".canvas-container: center | .loading,
  .error: center",,,nav: center | .left: center | .name-and-links: flex-start | .right: center,.chat-trigger: center,.subject-tag: center | .duration-info: center,.footer-section-root: flex-end | .dialog-completion-message: center,.footer-title-root: flex-start,,,,.title: center | li: center,,.dialog-header: center,,,,section: flex-start,,,,,.prefix-root: flex-start | .image-container: center,,.dialog-text-section: flex-start | .dialog-text-section-content: flex-start,,,
align-self,,,,,,,,,,,,,,,,.tag-container: flex-start,,,,,,,,,,,,,,,,,,,,,,,,,,,,,,,,,,,,,,,,,,,,,,,,,,,
animation,,,,,,,,.chat-dialog: fadeIn 0.4s ease-in-out | .chat-dialog::backdrop: backdropFadeIn 0.5s ease-in-out,,,,,,,,,,,,,,.progress-dot.current .dot-inner: pulse 1.5s ease-in-out infinite | .progress-dot.visited.animated .dot-inner: fillDot 0.4s ease-out forwards,,.glitch-active .avatar-image: glitch-pulse 2s ease-in-out infinite,,,.indicator--pulse: none,,,,,,.loading-state .weather-icon-slot :global(svg): pulse 2s ease-in-out infinite,,,.btn :global(.loading-icon): spin 1s linear infinite,,,,,,,,,,,,,,,,,,,,,,,,,,,,,,,
appearance,,,,,,,,,button: none,,,,,,,.cover-video: none,,,,,,,,,,,,,,,,,,,,,,,,,,,,,,,,,,,,,,,,,,,,,,,,,,,
aspect-ratio,,,,,,,,,,,,.square-cell: 1/1,,,,,,,.grid-item[data-grid-size='2-2']: 1 / 1,,,,,.avatar-xs: 4 / 5 | .avatar-sm: 4 / 5 | .avatar-md: 4 / 5 | .avatar-lg: 4 / 5,,,,,,,,,,,,,,,,,,,,.chat-trigger: 4 / 5,,,,,,,,,,.dialog-section-grid: 16 / 9,,,,,,,,.image-container: 1 / 1,,,,,
backdrop-filter,,,,,,,,.chat-dialog::backdrop: blur(4px) | from: blur(0px) | to: blur(4px),,,,,,,,,,,,,,,,,,,,,,,,,,,.debug-panel: blur(10px),,,,,,,,,,,,,,,,,,,,,,,,,,,,,,,,
backface-visibility,,,,,,,,,,,,,,,,,,,,,,,,".glitch-red,
  .glitch-green,
  .glitch-blue: hidden | .glitch-active,
  .glitch-active .avatar-image,
  .glitch-red,
  .glitch-green,
  .glitch-blue,
  .glitch-scanlines: hidden",,,,,,,,,,,,,,,,,,,,,,,,,,,,,,,,,,,,,,,,,,,
background,,,,,".message-bubble: var(--bg-primary) | .user-bubble: var(--bg-primary) | .assistant-bubble: var(--bg-inverse) | .loading-bubble: var(--bg-page) | .error-content: var(--error-bg, #fef2f2)",,,.chat-dialog: transparent | .chat-dialog::backdrop: var(--bg-page-20),,,,,,,,,,,,,,,,".glitch-scanlines: repeating-linear-gradient(
      0deg,
      transparent,
      transparent 2px,
      rgba(255, 255, 255, 0.05) 2px,
      rgba(255, 255, 255, 0.05) 4px
    )",.icon-missing: #f3f4f6,,,,,,,,,,".debug-panel: rgba(0, 0, 0, 0.95) | .debug-header: rgba(255, 255, 255, 0.1) | .collapse-btn,
  .close-btn: none | .collapse-btn:hover,
  .close-btn:hover: rgba(255, 255, 255, 0.2) | .state-display: rgba(255, 255, 255, 0.05) | .scenario-btn: rgba(255, 255, 255, 0.1) | .scenario-btn:hover: rgba(255, 255, 255, 0.2) | .scenario-btn:active: rgba(255, 255, 255, 0.3) | .debug-content::-webkit-scrollbar-track: rgba(255, 255, 255, 0.1) | .debug-content::-webkit-scrollbar-thumb: rgba(255, 255, 255, 0.3) | .debug-content::-webkit-scrollbar-thumb:hover: rgba(255, 255, 255, 0.5)",,,,.prompt-btn: transparent,,,,,,,,,,,,".title::after: currentColor | li::before: var(--before-color, currentColor)",,,,,.dialog-principles-word-wrapper: transparent,,,,,,,,,,,
background-color,,.filter-toggle: var(--bg-pae) | .filter-toggle.active: var(--bg-primary),,,,,,,button: var(--bg-page),,,,,,,".play-indicator: rgba(0, 0, 0, 0.6)",".primary: var(--primary-color, #3b82f6) | .primary:hover:not(.disabled): var(--primary-hover-color, #2563eb) | .secondary: transparent | .secondary:hover:not(.disabled): var(--secondary-hover-color, #f3f4f6)",,,.indicator: rgb(var(--color-bg-page)) | .bridge: rgb(var(--color-bdr-muted)) | .bridge.active: rgb(var(--color-bdr-primary)),".callout-Indicator: rgb(143, 239, 0)",.progress-toast: rgba(var(--bg-inverse) / 0) | .progress-dots: rgba(var(--bg-positive) / 0.8) | .dot-inner: rgba(var(--fg-positive) / 0.2) | .progress-dot.visited .dot-inner: rgba(var(--fg-positive) / 1),,.avatar: rgba(var(--bg-page) / 0),,,.indicator: var(--fg-text-danger),,,.tag--primary: transparent | .tag--inverse: transparent,,".mcp-text: rgba(166, 12, 12, 0.8)",.location-info-root: var(--bg-page) | .loading-state: var(--bg-page),,,.inverse: var(--bg-primary) | .primary: var(--bg-page),.inverse: var(--bg-primary) | .inverse:hover: var(--bg-primary) | .inverse:active: var(--bg-primary) | .primary: var(--bg-page) | .primary:hover: var(--bg-page) | .primary:active: var(--bg-page),,".prompt-btn--secondary: var(--bg-secondary, var(--bg-page)) | .prompt-btn--secondary:hover:not(.prompt-btn--disabled): var(--bg-secondary-hover, var(--bg-primary))",".canvas-container: rgba(255, 192, 203, 0) | .loading,
  .error: rgba(207, 8, 154, 0)",,,,.chat-trigger: var(--bg-page),,.dialog-completion-message: rgba(var(--bg-inverse) / 0.8),,,,,,,,".grid-area: rgba(0, 0, 255, 0.3)",,,,".image-container: rgba(
      255,
      192,
      203,
      0.1
    )",.dialog-backdrop: var(--bg-overlay),,,,,,,,
background-position,,,,,,,,,,,,,,,,,,,,,,,,".avatar-image: top | .glitch-red,
  .glitch-green,
  .glitch-blue: top",,,,,,,,,,,,,,,,,,,,.profile-image: top,,,,,,,,,,,,,,,,,,,,,,,
background-repeat,,,,,,,,,,,,,,,,,,,,,,,,".avatar-image: no-repeat | .glitch-red,
  .glitch-green,
  .glitch-blue: no-repeat",,,,,,,,,,,,,,,,,,,,.profile-image: no-repeat,,,,,,,,,,,,,,,,,,,,,,,
background-size,,,,,,,,,,,,,,,,,,,,,,,,".avatar-image: cover | .glitch-red,
  .glitch-green,
  .glitch-blue: cover",,,,,,,,,,,,,,,,,,,,.profile-image: cover,,,,,,,,,,,,,,,,,,,,,,,
border,,.filter-toggle: none,,,".error-content: 1px solid var(--error-border, #fecaca)",,,.chat-dialog: none,button: none,,,,,,,.video-card: none,,,,,.callout-Indicator: 1.5px solid rgb(var(--color-bdr-muted)),.dot-inner: 1px solid rgba(var(--fg-positive) / 0.4),,.avatar: none,.icon-missing: 1px dashed #d1d5db,,.indicator: 2px solid var(--bg-page),,,,,,,,".debug-panel: 1px solid rgba(255, 255, 255, 0.2) | .collapse-btn,
  .close-btn: none | .scenario-btn: 1px solid rgba(255, 255, 255, 0.2)",.btn: none,.btn: none,,.prompt-btn: 1px solid transparent,,,,,.chat-trigger: none,.circle-indicator: 1px solid #989cb8,,,,,,,,,,,,,".image-container: 1px solid rgba(255, 192, 203, 0.3)",.dialog-backdrop: none,,,,,,,,
border-bottom,,,,,,,,,button: 1px solid var(--fg-text-primary),,,,,,,,,,,,,,,,,,,,,,,,,,".debug-header: 1px solid rgba(255, 255, 255, 0.1) | .control-section h4: 1px solid rgba(255, 255, 255, 0.1)",,,,,,,,,,,,,,,,,,,,,,,,,,,,,,,,
border-color,,,,,.assistant-bubble: var(--fg-text-primary),,,,,,,,,,,,,,,,,.progress-dot.visited .dot-inner: rgba(var(--fg-positive) / 1),,,,,,,,,,,,,,,,,".prompt-btn--default: var(--fg-text-primary-40) | .prompt-btn--default:hover:not(.prompt-btn--disabled): var(--fg-text-primary-60) | .prompt-btn--default:active:not(.prompt-btn--disabled): var(--fg-text-primary-20) | .prompt-btn--secondary: var(--border-secondary, var(--fg-text-primary-30)) | .prompt-btn--secondary:hover:not(.prompt-btn--disabled): var(--bg-primary)",,,,,,,,,,,,,,,,,,,,,,,,,,,,
border-radius,,.filter-toggle: var(--bdr-radius-small),,,".message-bubble: 18px | .user-bubble: var(--bdr-radius-small) var(--bdr-radius-small) 0px
      var(--bdr-radius-small) | .assistant-bubble: var(--bdr-radius-small) var(--bdr-radius-small)
      var(--bdr-radius-small) 0px | .loading-bubble: 18px | .error-content: 8px",,,,,,,,,,,.play-indicator: 50%,.link: 0.25rem,,.grid-item: var(--bdr-radius-small),,.callout-Indicator: var(--bdr-radius-pill),.progress-toast: var(--bdr-radius-small) | .progress-dots: var(--bdr-radius-pill) | .progress-dot: var(--bdr-radius-pill) | .dot-inner: var(--bdr-radius-pill),,".avatar: var(--bdr-radius-small) | .avatar-image: var(--bdr-radius-tiny) | .glitch-red,
  .glitch-green,
  .glitch-blue: var(--bdr-radius-tiny) | .glitch-scanlines: var(--bdr-radius-small)",.icon-missing: 4px,,.indicator: var(--bdr-radius-pill),,,.tag: var(--bdr-radius-pill),,,.location-info-root: var(--bdr-radius-small),,".debug-panel: 8px | .collapse-btn,
  .close-btn: 4px | .state-display: 4px | .scenario-btn: 4px | .debug-content::-webkit-scrollbar-thumb: 3px",.btn: var(--bdr-radius-small),.btn: var(--bdr-radius-small),,.prompt-btn: var(--bdr-radius-pill),,,,,.chat-trigger: var(--bdr-radius-small) | .profile-image: var(--bdr-radius-tiny),.circle-indicator: 999px,.dialog-completion-message: var(--bdr-radius-small),,,,,li::before: 2px,,,,,,,.image-container img: var(--bdr-radius-medium),,,,.image-container img: var(--bdr-radius-medium),,,,,
border-style,,,,,.assistant-bubble: solid,,,,,,,,,,,,,,,,,,,,,,,,,,,,,,,,,,,,,,,,,,,,,,,,,,,,,,,,,,,,,,
border-width,,,,,.assistant-bubble: 1px,,,,,,,,,,,,,,,,,,,,,,,,,,,,,,,,,,,,.sr-only: 0,.sr-only: 0,,,,,,,,,,,,,,,,,,,,,,,,,
bottom,,,,,,,,,,,,,,,,,,,,,,,,".glitch-red,
  .glitch-green,
  .glitch-blue: 4px",,,,,,,,,,,,,,,,,,,,,,,,,,,,,,,,,,,,,,,,,,,
box-shadow,,.filter-toggle: inset 0 0px 0px 1px var(--bg-primary) | .filter-toggle:hover: inset 0 0px 0px 2px var(--bg-primary) | .filter-toggle.active: inset 0 0px 0px 4px var(--bg-primary) | .filter-toggle.active:hover: inset 0 0px 0px 2px var(--bg-primary),,,,,,,,,,,,,,,,,,,.callout-Indicator: inset 0 0 0 2px white,.progress-toast: inset 0 0 0 1px rgba(var(--bdr-primary) / 0),,.avatar: inset 0 0 0 1px rgba(var(--fg-text-primary) / 1),,,,,,.tag--primary: 0 0 0 1px currentColor | .tag--inverse: 0 0 0 1px currentColor,,,.location-info-root: inset 0 0 0 1px var(--fg-text-primary),,".debug-panel: 0 8px 32px rgba(0, 0, 0, 0.5)",.inverse: inset 0 0px 0px 1px var(--bg-primary) | .primary: inset 0 0px 0px 1px var(--bg-inverse),.inverse: inset 0 0px 0px 1px var(--bg-primary) | .primary: inset 0 0px 0px 1px var(--bg-inverse),,.prompt-btn--disabled: none !important,,,,,.chat-trigger: inset 0 0 0 1px var(--fg-text-primary),,.dialog-completion-message: inset 0 0 0 1px rgba(var(--bdr-primary) / 0),,,,,,,,,,,,,,,,,,,,,
box-sizing,,,,,.loading-bubble: border-box,,,,,,,,,,,,,,,,,,,,,,,,,,,,,,,,,,,,,,,,.tile-header: border-box | .tile-footer: border-box,,,,,,,,,,,,,,,,,,,,,,
clip,,,,,,,,,,,,,,,,,,,,,,,,,,,,,,,,,,,,,,,,,".sr-only: rect(0, 0, 0, 0)",".sr-only: rect(0, 0, 0, 0)",,,,,,,,,,,,,,,,,,,,,,,,,
color,,.filter-toggle: var(--fg-text-primary) | .filter-toggle.active: var(--fg-text-inverse),,.message-input::placeholder: var(--fg-text-inverse-60),".user-bubble: var(--fg-text-inverse) | .assistant-bubble: var(--fg-text-primary) | .message-time: var(--fg-text-primary) | .user-meta .message-time: var(--fg-text-primary) | .loading-bubble: var(--fg-text-primary) | .error-title: var(--error-text, #dc2626) | .error-details: var(--error-text-secondary, #7f1d1d)",,,,button: var(--fg-text-primary) | button:hover: var(--fg-text-primary-80) | button:active: var(--fg-text-primary),,,,,,h2: rgb(var(--color-txt-primary)) | p: rgb(var(--color-txt-primary)),.play-indicator: white,".primary: white | .secondary: var(--text-color, #374151)",.nav-link: var(--fg-text-primary-60) | .nav-link:hover: var(--fg-text-primary) | .nav-link.active: var(--fg-text-primary),,".indicator: var(--fg-text-muted, #666) | .indicator.active: var(--fg-text, #000)",.callout-text: rgb(var(--color-txt-muted)),.progress-toast: rgb(var(--color-txt-primary)),,,.icon-missing: #6b7280,.subheader.primary: var(--fg-text-primary) | .subheader.inverse: var(--fg-text-inverse),,,,.tag--primary: var(--fg-text-primary) | .tag--inverse: var(--fg-text-inverse),.list__item-name: var(--fg-text-primary) | .list__item-separator: var(--fg-text-primary-80) | .list__item-role: var(--fg-text-primary-80),.text-content: #ffffff,.weather-text-primary: var(--fg-text-primary) | .weather-text-secondary: var(--fg-text-secondary) | .loading-text: var(--fg-text-secondary),,".debug-panel: white | .collapse-btn,
  .close-btn: white | .state-display h4: #ccc | .label: #aaa | .value.active: #4ade80 | .value.loading: #3b82f6 | .value.error: #ef4444 | .value.success: #10b981 | .control-section h4: #ccc | .scenario-btn: white",,.btn: inherit | .inverse: var(--fg-text-inverse) | .primary: var(--fg-text-primary),,".prompt-btn--default: var(--fg-text-primary-60) | .prompt-btn--default:hover:not(.prompt-btn--disabled): var(--fg-text-primary) | .prompt-btn--default:active:not(.prompt-btn--disabled): var(--fg-text-primary-20) | .prompt-btn--secondary: var(--fg-text-secondary, var(--fg-text-primary)) | .prompt-btn--secondary:hover:not(.prompt-btn--disabled): var(--fg-text-inverse)",,,,p: var(--fg-text-primary),,.subject-text: #989cb8 | .duration-text: #989cb8 | .video-title: #26272d,".dialog-completion-message: rgb(var(--color-txt-primary)) | .dialog-completion-message p: rgba(var(--color-txt-secondary), 0.8)",.footer-title-root: var(--fg-text-primary),div: rgb(var(--fg-text-primary)) | .p-3: rgb(var(--fg-positive)),div: rgb(var(--fg-text-primary)),div: rgb(var(--fg-text-primary)),.title: rgba(var(--color-txt-primary)) | span: rgb(var(--color-txt-primary)) | li: rgb(var(--color-txt-primary)) | .dash: rgb(var(--color-txt-primary)),p: rgb(var(--fg-text-primary)),,,,,h1: rgb(var(--fg-text-primary)),,,.section-root: rgb(var(--fg-text-primary)),,"h2,
  div: rgb(var(--fg-text-primary))",,.dialog-text-section-text: rgb(var(--fg-text-primary)),,,
container-type,,,,,,,,,,,,,,,,,,,,,,,,.avatar: inline-size,,,,,,,,,,,,,,,,,,,,.chat-trigger: inline-size,,,,,,,,,,,,,,,,,,,,,,,
content,,,,,,,,,,,,,,,,,,,,,,,,,,,,,,,,,,,,,,,,,,,,,,,,,,,.title::after: '' | li::before: '',,,,,,,,,,,,,,,,
cursor,,.filter-toggle: pointer,,.message-input:disabled: not-allowed,,,,,,,,,,,,.video-card: pointer,.disabled: not-allowed,,,,,,,.avatar-button: pointer | .avatar-button:disabled: not-allowed,,,,,,,,,,,".debug-panel.dragging: grabbing | .debug-header: grab | .debug-header:active: grabbing | .collapse-btn,
  .close-btn: pointer | .scenario-btn: pointer",.btn:disabled: not-allowed,.btn: pointer,,.prompt-btn: pointer | .prompt-btn--disabled: not-allowed,.animation-canvas: default | .animation-canvas.clickable: pointer | .animation-canvas.hoverable: pointer,,,,.chat-trigger: pointer,.video-thumbnail: pointer,,,,,,,,,,,,,,.dialog-backdrop: default,,,,,,,,
display,,.filter-toggle: inline-flex,.filter-group::-webkit-scrollbar: none,,.message: flex | .user-content: flex | .message-avatar: flex | .error-content: flex,.messages-container: flex,,.chat-dialog[open]: flex,.wrapper: flex | button: flex | .label: flex | :global(.gsap-char): inline-block | :global(.gsap-space): inline-block,,.basic-layout-top-bar: flex,,,.image-card: block | .cover-image: block,.text-card: flex | .tag-container: flex,.video-card: flex | .cover-video::-webkit-media-controls: none !important | .cover-video::-webkit-media-controls-panel: none !important | .play-indicator: flex,.link: inline-flex,ul: flex,,.progress-container: flex | .indicator: flex | .bridge: flex,.callout-root: flex,.progress-toast: flex | .progress-content: flex | .progress-dots: flex,,".avatar: flex | .avatar-image: flex | .glitch-red,
    .glitch-green,
    .glitch-blue,
    .glitch-scanlines: none !important",.icon: inline-block | .icon-missing: inline-flex,,.indicator: inline-block,.tag-list: flex,,.tag: inline-flex,.list: flex | .list__item--structured: flex,.flex-container: flex,.location-info-root: flex | .weather-state-container: flex | .weather-icon-slot: flex | .weather-content: flex | .weather-action-slot: flex,,.debug-header: flex | .header-controls: flex | .state-info: flex | .state-item: flex | .button-grid: grid | .scenario-grid: flex,,.btn: inline-flex | .full-width: inline-flex | .btn-layout: flex,,.prompt-btn: inline-flex,".canvas-container: flex | .animation-canvas: block | .animation-canvas.hidden: none | .loading,
  .error: flex",.animated-text-path: none,.animated-text-path: none,.left-wrapper: flex | .left: flex | .name-and-links: flex | .right: flex,.chat-trigger: flex | .profile-image: flex,.tile-header: flex | .subject-tag: flex | .duration-info: flex | .tile-footer: flex,.dialog-completion-message: flex,.footer-title-root: flex | .title-line: block,div: inline-flex,div: inline-flex,div: inline-flex,.layout: inline-flex | .title: flex | .title::after: block | ul: flex | li: flex | li::before: inline-block,,.dialog-header: flex,,,.animation-segment: inline-block | .fallback-image: block,,.image-container img: block,,.section-root: flex,,.prefix-root: flex | .image-container: flex | .image-container img: block | .prefix-root:has(.image-container): flex,,.dialog-text-section: flex | .dialog-text-section-content: flex,,,
filter,,,,,,,,,,,,,,,,,,,,,,,,".glitch-red: sepia(1) saturate(10) hue-rotate(-60deg) brightness(1.2)
      contrast(1.5) | .glitch-green: sepia(1) saturate(10) hue-rotate(60deg) brightness(1.1)
      contrast(1.3) | .glitch-blue: sepia(1) saturate(10) hue-rotate(180deg) brightness(1.3)
      contrast(1.4)",,,,,,,,,,,,,,,,,,,,,,,,,,,,,,,,,,,,,,,,,,,
flex,,,,,.message-content: 1,.messages-container: 1,,,,,.basic-layout-main: 1,,,,,,,,,.bridge: 0 0 16px | .bridge.active: 1 0 auto,,,,,,,,,,,,,,,,,,,,,,,,,,,,,,,,,,,,,,,,,,,,,,,
flex-direction,,,,,.user-message: row-reverse | .user-content: column,.messages-container: column,,,.wrapper: column | button: row | .label: row,,,,,,.text-card: column-reverse | .tag-container: row,.video-card: column-reverse,,ul: row,,.progress-container: row,.callout-root: row,.progress-toast: row | .progress-content: row | .progress-dots: row,,,,,,.tag-list--horizontal: row | .tag-list--vertical: column,,,.list: column,.flex-container: row,.location-info-root: column | .weather-state-container: row | .weather-content: column,,.state-info: column | .scenario-grid: column,,,,,,,,nav: row | .name-and-links: column,,.tile-header: row | .subject-tag: row | .duration-info: row | .tile-footer: row,.footer-section-root: row | .footer-section-content: column | .dialog-completion-message: column,.footer-title-root: column,div: column,div: column,div: column,.dialog-details: row | ul: column,,,,,,section: row,,,,,.prefix-root: column,,.dialog-text-section: column | .dialog-text-section-content: column,,,
flex-flow,,,,,,,,,,,,,,,,,,,,,,,,,,,,,,,,,,,,,,,,,,,,,,,,,,,.layout: column,,,,,,,,,,,,,,,,
flex-grow,,,,,,,,,.label: 1,,,,,,,,,,,,,,,,,,,,,,,,.weather-content: 1,,,,,,,,,,,,,,,,,,,,,,,,,,,,,.image-container: 0,,,,,
flex-shrink,,,,,.message-avatar: 0 | .error-icon: 0,,,,,,,,,,,,,,,,,,,,.icon: 0,,,,,,,.text-content: 0,.weather-icon-slot: 0 | .weather-action-slot: 0,,,,.btn: 0,,.prompt-btn: 0,,,,,,,,,,,,,,,,,.image-segment: 0 | .animation-segment: 0,,,,,,.prefix-root: 0 | h2: 0 | p: 0 | .image-container: 0,,,,,
flex-wrap,,,.filter-group: wrap,,,,,,,,,,,,,,,,,,,,,,,,,.tag-list--wrap: wrap,,,,,,,,,,,,,,,,,,,,,,,li: nowrap,,,,,,,,,,,,,,,,
font-family,,.filter-toggle: var(--font-family-main),,,.loading-text: var(--font-family-alt),,,,,,,,,,,,,,,".bracket-left,
  .bracket-right,
  .step-number: var(--font-family-alt)",.callout-text: var(--font-family-main),,,,,.subheader: var(--font-family-main),,,,,,".text-content: 'Geist Mono', monospace",.location-info-root: var(--font-family-main) | .weather-text-primary: var(--font-family-main) | .weather-text-secondary: var(--font-family-main) | .loading-text: var(--font-family-alt),,".debug-panel: var(--font-family-alt, monospace)",,,,.prompt-btn: var(--font-family-main),,,,,,".subject-text: 'Geist Mono', monospace | .duration-text: 'Geist Mono', monospace | .video-title: 'Geist', sans-serif",,,,,,.title: var(--font-family-alt),,,,,,,,,,,,,,,,
font-size,,.filter-toggle: var(--fs-350),,".message-input: max(16px, 0.875rem) | .hint-text: 0.6875rem",.message-bubble p: 1.2rem | .message-time: 0.75rem | .loading-text: var(--fs-200) | .error-icon: 1.25rem | .error-title: 0.875rem | .error-details: 0.8125rem,,,,button: var(--fs-xxlarge-clamped),,,,,,,,,"ul: clamp(16px, 4vw, 24px)",,.indicator: var(--fs-300),.callout-text: var(0--fs-tiny-clamped),.progress-toast: var(--fs-200),,,.icon-missing: 10px,.subheader: var(--fs-xlarge-clamped),,,,.tag: var(--fs-350),,.text-content: 1rem,.weather-text-primary: var(--fs-275) | .weather-text-secondary: var(--fs-200),,".debug-panel: 12px | .debug-header h3: 14px | .collapse-btn,
  .close-btn: 12px | .state-display h4: 12px | .label: 11px | .value: 11px | .control-section h4: 12px | .scenario-btn: 11px",,.btn: var(--fs-300),.gem-button: 1.25rem,.prompt-btn: var(--fs-300),,,,p: var(--fs-300),,.subject-text: 12px | .duration-text: 12px | .video-title: 14px,.dialog-completion-message: var(--fs-200) | .dialog-completion-message span: var(--fs-300) | .dialog-completion-message p: var(--fs-200),.footer-title-root: var(--fs-large-clamped),"div: clamp(18px, 4vw, 28px)","div: clamp(18px, 4vw, 28px)","div: clamp(18px, 4vw, 28px)",.title: var(--fs-300),"p: clamp(var(--fs-500), 4vw, var(--fs-800))",,,,,h1: var(--fs-700),,,,,"h2: clamp(1.5rem, 4vw, 2.5rem) | p: clamp(var(--fs-250), 3vw, var(--fs-400))",,".dialog-text-section-text: clamp(var(--fs-350), 4vw, var(--fs-500))",,,
font-style,,,,,,,,,,,,,,,,,,,,,,,,,,,,,,,,.text-content: normal,,,,,,,,,,,,,,,,,,,,,,,,,,,,,,,,,,,
font-weight,,.filter-toggle: var(--fw-semibold),,,.error-title: 600,,,,button: var(--fw-semibold),,,,,,,,,ul: var(--fw-semibold),,".bracket-left,
  .bracket-right,
  .step-number: 400",.callout-text: var(--fw-medium),,,,.icon-missing: bold,.subheader: var(--fw-semibold),,,,.tag: var(--fw-semibold),".list__item-role: var(--fw-regular) | .list--normal .list__item:not(.list__item--structured): var(--fw-medium, 500) | .list--strong .list__item:not(.list__item--structured): var(--fw-bold, 700) | .list__item-name--normal: var(--fw-medium, 500) | .list__item-name--strong: var(--fw-bold, 700)",.text-content: 500,.weather-text-primary: var(--fw-semibold),,.debug-header h3: 600 | .value: 600,.btn: var(--fw-semibold),.btn: var(--fw-semibold),,.prompt-btn: var(--fw-medium),,,,p: var(--fw-semibold),,.subject-text: 400 | .duration-text: 400 | .video-title: 500,.dialog-completion-message span: var(--fw-bold),.footer-title-root: var(--fw-semibold),.p-3: var(--fw-regular),p: var(--fw-medium),,.title: var(--fw-regular) | span: var(--fw-semibold) | li: var(--fw-medium) | .name: var(--fw-medium) | .role: var(--fw-regular) | .dash: var(--fw-regular),p: var(--fw-bold),,,,.text-segment: var(--fw-semibold),h1: var(--fw-bold),,,,,"h2: var(--fw-bold, 700) | p: var(--fw-regular)",,.dialog-text-section-text: var(--fw-semibold),,,
gap,,,,,.message: 0.75rem | .error-content: 0.75rem | .prompt-buttons: 0.75rem,,.chat-actions: 0.25rem,,button: 0.5em,,,,,,,,,ul: 0.5em,,.progress-container: 0,.callout-root: var(--spc-75),.progress-toast: var(--spc-200) | .progress-content: var(--spc-300) | .progress-dots: var(--spc-100),,,,,,.tag-list--gap-xs: var(--space-xs) | .tag-list--gap-sm: var(--space-sm) | .tag-list--gap-md: var(--space-md) | .tag-list--gap-lg: var(--space-lg),,,.list: var(--space-sm) | .list__item--structured: 0.25em,,.weather-state-container: 12px | .weather-content: 2px,,.header-controls: 8px | .state-info: 4px | .button-grid: 6px | .scenario-grid: 4px,,.btn-layout: 6px,,,,,,.left: var(--space-xl) | .name-and-links: 0.5em,,.subject-tag: 4px,.footer-section-content: 1em | .dialog-completion-message: 1em,,div: 0.5em,div: 0.5em,div: 0.5em,.layout: var(--spc-200) | .title: 8px | ul: var(--spc-100),,,,,,,,,.section-grid: 32px,,,,.dialog-text-section-content: var(--spc-200),,,
grid-area,,,,,,,,,,,,,,,,,,,,,,,,,,,,,,,,,,,,,,,,,,,,,,,,,,,,.dialog-intro-root: var(--grid-area),,.area-a: A | .area-b: B | .area-c: C | .area-d: D,,,,.image-container: var(--grid-area),,,,.prefix-root: prefix,,.dialog-text-section: var(--grid-area),,,
grid-auto-flow,,,,,,,,,,,,,,,,,,,,,,,,,,,,,,,,,,,,,,,,,,,,,,,,,,,,,,,,,,,,,,,,,,,
grid-auto-rows,,,,,,,,,,,,,,,,,,,,,,,,,,,,,,,,,,,,,,,,,,,,,,,,,,,,,,,,,,,,,,,,,,,
grid-column,,,,,,,,,,,,,,,,,,,.grid-item.desktop-spans: span var(--grid-cols),,,,,,,,,,,,,,,,,,,,,,,,,,,,,,,,,,,,,,,,,,,,,,,,
grid-row,,,,,,,,,,,,,,,,,,,.grid-item.desktop-spans: span var(--grid-rows),,,,,,,,,,,,,,,,,,,,,,,,,,,,,,,,,,,,,,,,,,,,,,,,
grid-template-areas,,,,,,,,,,,,,,,,,,,,,,,,,,,,,,,,,,,,,,,,,,,,,,,,,,,,,,".variant-one: 'A' | .variant-two: 'A B' | .variant-three: 'A B'
        'A B'
        'A B'
        'A C'
        'A C' | .variant-four: 'A B D'
        'A B D'
        'A B D'
        'A C D'",,,,,,".section-grid: 'header header header header'
        'prefix body   body   body'
        'footer footer footer footer'",,,,,,,
grid-template-columns,,,,,,,,,,,,,.grid-container: var(--grid-desktop-columns),,,,,,".grid: repeat(var(--columns), 1fr)",,,,,,,,,,,,,,,,.button-grid: 1fr 1fr,,,,,,,,,,,,,,,,,,,.variant-one: 1fr | .variant-two: 2fr 1fr | .variant-three: 2fr 1fr | .variant-four: 1fr 1fr 1fr,,,,,,".section-grid: repeat(4, 1fr)",,,,,,,
grid-template-rows,,,,,,,,,,,,,,,,,,,,,,,,,,,,,,,,,,,,,,,,,,,,,,,,,,,,,,".variant-one: 1fr | .variant-two: 1fr | .variant-three: repeat(5, 1fr) | .variant-four: repeat(4, 1fr)",,,,,,,,,,,,,
height,,,,,,.messages-container: 100%,.chat-container: 100%,.chat-dialog: 100% | .dialog-content: 80vh,,,.basic-layout-side-nav: 100% | .basic-layout-top-bar: 88px | .basic-layout-main: 100%,.grid-item: 100%,,.image-card: 100% | .cover-image: 100%,.text-card: 100%,.video-card: 100% | .cover-video: 100% | .play-indicator: 48px,,,,.bridge: 1px,.callout-Indicator: 12px,.progress-toast: 44px | .progress-dot: 8px | .dot-inner: 100%,,.avatar-image: 100% | .glitch-scanlines: 100%,,,.indicator: 16px,,,,,.mcp-text: 100% | .flex-container: 100%,.location-info-root: 72px,,.debug-panel.collapsed: auto,.btn: 44px,.btn: 44px,,,".animation-canvas: 100% | .loading,
  .error: 100%",.animated-text-path-container: 100vh | .canvas-wrapper: 100% | .sr-only: 1px,.animated-text-path-container: 300px | .canvas-wrapper: 100% | .sr-only: 1px,,.profile-image: 100%,".video-tile-root: 506.44px | .tile-header: 44px | .subject-tag: 12px | .circle-indicator: 12px | .duration-info: 12px | .video-container: 413.44px | .video-container iframe,
  .video-thumbnail: 100% | .video-thumbnail img: 100% | .tile-footer: 49px",,,,,,.title::after: 1px | li::before: 0.6em,,,,,.image-segment: 1em | .animation-segment: 1em | .fallback-image: 100%,,.image-container img: auto,.dialog-backdrop: 100% | .dialog-root: calc(100vh - 2rem),,,.image-container img: 100%,.background-container: 100%,,,,
isolation,,,,,,,,,,,,,,,,,,,,,,,,.avatar: isolate,,,,,,,,,,,,,,,,,,,,,,,,,,,,,,,,,,,,,,,,,,,
justify-content,,,,,.message: flex-start | .message-avatar: center,.messages-container: flex-start,,.chat-dialog[open]: center,.wrapper: flex-start | button: flex-start | .label: space-between,,,,,,.text-card: space-between | .tag-container: space-between,.video-card: flex-end | .play-indicator: center,,,,.progress-container: flex-start | .bridge: center,.callout-root: flex-start,.progress-toast: center | .progress-content: center,,.avatar: center,.icon-missing: center,,,.tag-list--align-start: flex-start | .tag-list--align-center: center | .tag-list--align-end: flex-end,,.tag: center,,.flex-container: center,.location-info-root: center | .weather-state-container: flex-start | .weather-icon-slot: center | .weather-content: center,,.debug-header: space-between | .state-item: space-between,,.btn: center | .btn-layout: center,,.prompt-btn: center,".canvas-container: center | .loading,
  .error: center",,,.left-wrapper: flex-start | .name-and-links: flex-start,.chat-trigger: center,.tile-header: space-between,.footer-section-root: flex-end | .footer-section-content: stretch | .dialog-completion-message: flex-start,.footer-title-root: flex-end,,,,,,.dialog-header: flex-end,,,,section: space-between,,,.section-root: center,,.prefix-root: flex-start | .image-container: center,,.dialog-text-section: center | .dialog-text-section-content: center,,,
left,,,,,,,,,,,.basic-layout-side-nav: -180px,,,.cover-image: 0,,.cover-video: 0 | .play-indicator: 50%,,,,,,,,".glitch-red,
  .glitch-green,
  .glitch-blue: 4px | .glitch-scanlines: 0",,,,,,,,,,,,,,,,".loading,
  .error: 0",.canvas-wrapper: 50%,.canvas-wrapper: 50%,,,".video-container iframe,
  .video-thumbnail: 0 | .play-button: 50%",,,,,,,,.dialog-header: 0,,,,,,.dialog-backdrop: 0,,,,.background-container: 0,,,,
line-height,,,,,.message-bubble p: 130% | .loading-text: 130%,,,,,,,,,,,,,,,,,,,,,,,,,,.list--strong .list__item: var(--lh-snug),.text-content: normal,.weather-text-secondary: 1.3,,".collapse-btn,
  .close-btn: 1",,,,.prompt-btn: 1.2,,,,,,.video-title: 120%,,.title-line: 1.1,,,,,p: 120%,,,,,,,,,,p: 130%,,.dialog-text-section-text: 130%,,,
list-style,,,,,,,,,.wrapper: none,.accordion-list: none,,,,,,,,,,,,,,,,,,.tag-list: none,,,.list--plain: none | .list--bullet: disc | .list--number: decimal,,,,,,,,,,,,,,,,,,,,ul: none,,,,,,,,,,,,,,,,
margin,,,,,.message-bubble p: 0 | .loading-text: 0 | .error-title: 0 0 0.25rem 0 | .error-details: 0,,,,,,.basic-layout-main: 0 auto,,,,,,,,,,,,,,,,,,,,,,.weather-text-secondary: 0,,.debug-header h3: 0 | .state-display h4: 0 0 8px 0 | .control-section h4: 0 0 8px 0,,,,,,.sr-only: -1px,.sr-only: -1px,,,.video-title: 0,.dialog-completion-message p: 0,,,,,.dash: 0 2px,,,,,,,,,,,,,,,,
margin-bottom,,,,,,,,,,,,,,,,,,,,,,,,,,,,,,,,,,,.state-display: 16px | .control-section: 16px,,,,,,,,,,,,,,,,,,,,,,,,,,,,,,,,
margin-right,,,,,,,,,,,,,,,,,,,,,,,,,,,,,,,,,,,,,,,,,,,,,,,,,,,li::before: 6px,,,,,.image-segment: 0.5rem | .animation-segment: 0.5rem,,,,,,,,,,,
margin-top,,,,,.message-meta: 0.25rem,,,,,,,,,,,,,,,,,,,,,,,,,,,,,,,,,,,,,,,,,,,,,,,,,,,,,,,,,,,,,,
max-height,,,,,,.messages-container: 100%,,.chat-dialog: none,,,,,,,,,,,,,,,,,,,,,,,,,,,.debug-panel: 80vh | .debug-content: calc(80vh - 50px),,,,,,,,,,,,,,,,,,,,,,,,,,,,,,,,
max-width,,,,,.message-content: calc(100% - 50px) | .message-bubble: 100%,.messages-container: 800px,.chat-container: 100%,.chat-dialog: none,,,.basic-layout-top-bar: 568px | .basic-layout-main: 1200px,,,,,,,,,,,,,,,,,,,,.list--strong .list__item: var(--width-prose-sm),,,,,,,,,,,,,,.video-tile-root: 568px,,,,,,,,,,,,,,,,,.image-container: 200px,,.dialog-text-section-text: 47ch,,,
min-height,,,,.input-wrapper: 44px,,.messages-container: 0,,,,,,,,.cover-image: 100%,,,,,,,,,,,,,,,,,,,.weather-state-container: 64px,,,,,,.prompt-btn: 36px,,,,,,,,,,,,,,,,,,,,,,,.prefix-root: fit-content,,,,,
min-width,,,,,,,,,,,,,,.cover-image: 100%,,,,,,,,.progress-toast: 250px,,,,,,,,,,,,,,,.btn: max-content,,,,,,,,,,,,,,,,,,,,,,,,,,,,,,
mix-blend-mode,,,,,,,,,,,,,,,,,,,,,,,,.glitch-red: screen | .glitch-green: screen | .glitch-blue: screen,,,,,,,,,,,,,,,,,,,,,,,,,,,,,,,,,,,,,,,,,,,
object-fit,,,,,,,,,,,,,,.cover-image: cover,,.cover-video: cover,,,,,,,,,,,,,,,,,,,,,,,,,,,,,.video-thumbnail img: cover,,,,,,,,,,,.image-segment: contain | .fallback-image: contain,,.image-container img: cover,,,,.image-container img: cover,,,,,
opacity,,,,.message-input:disabled: 0.6,.message-time: 0.7,,,from: 0 | to: 1,,,,,,,,.play-indicator: 0 | .play-indicator.visible: 1,.disabled: 0.5,,,.indicator: 0.5 | .indicator.active: 1,,0%: 1 | 50%: 0.8 | 100%: 1,,".glitch-red,
  .glitch-green,
  .glitch-blue: 0 | .glitch-scanlines: 0 | 0%,
      100%: 1 | 50%: 0.8 | .avatar-button:disabled: 0.5",,,,,,,,,0%: 0.6 | 50%: 1 | 100%: 0.6,,,.btn:disabled: 0.6,,,.prompt-btn--disabled: 0.5,,,,,,,,,,,,,,,,,,,,,,,,,,,,
outline,,,,".input-wrapper:focus-within: 2px solid var(--focus-ring-color, var(--bg-primary))",,,,,,,,,,,,,,,,,,,,.avatar-button:focus-visible: var(--focus-ring-width) solid var(--focus-ring-color),,,,,,,,,,,,,,,".prompt-btn:focus-visible: 2px solid var(--focus-ring-color, var(--bg-primary))",,,,,,,,,,,,,,,,,,,,,,,,,,,,
outline-offset,,,,.input-wrapper:focus-within: 2px,,,,,,,,,,,,,,,,,,,,.avatar-button:focus-visible: var(--focus-ring-offset),,,,,,,,,,,,,,,.prompt-btn:focus-visible: 2px,,,,,,,,,,,,,,,,,,,,,,,,,,,,
overflow,,,,,,,,,,,,,,.image-card: hidden,,.video-card: hidden,,,.grid-item: hidden,,,,,,,,,,,,,,.location-info-root: hidden,,.debug-panel: hidden,,,,.prompt-btn: hidden,,.sr-only: hidden,.animated-text-path-container: visible | .sr-only: hidden,,,,,,,,,,,,.grid-area: hidden,,,,.image-container: hidden,:global(body.dialog-open): hidden,,,.image-container: hidden,.background-container: hidden,,,,
overflow-x,,,.filter-group: auto,,,,,,,,,,,,,,,,,,,,,,,,,,,,,,,,,,,,,,.animated-text-path-container: hidden,,,,,,,,,,,,,,,,,,,,,,,,,,
overflow-y,,,,,,.messages-container: auto,,,,,,,,,,,,,,,,,,,,,,,,,,,,,.debug-content: auto,,,,,,.animated-text-path-container: visible,,,,,,,,,,,,,,.dialog-root-scroll-wrapper: auto,,,,,,.dialog-root-scroll-wrapper: auto,,,,.dialog-root-scroll-wrapper: auto,.dialog-root-scroll-wrapper: auto,.dialog-root-scroll-wrapper: auto
padding,,.filter-toggle: 6px 10px,,.input-wrapper: 0.625rem 0.875rem,.message: 0.75rem 1.5rem | .message-bubble: 0.75rem 1rem | .message-meta: 0 0.25rem | .loading-bubble: 0.75rem 1rem | .error-message: 1rem 1.5rem | .error-content: 1rem,.messages-container: 0,,.chat-dialog: 0,,,,,,,,,.link: 0.5rem 1rem,,,.step-number: 0 0.2rem,,.progress-dots: var(--spc-100),,.avatar: 4px,,,,,,.tag: var(--space-xs) var(--space-md),.list: 0,,.weather-state-container: 16px,,".debug-header: 8px 12px | .collapse-btn,
  .close-btn: 4px | .debug-content: 12px | .state-display: 8px | .scenario-btn: 6px 8px",,,.gem-button: 0.75rem 1.5rem,.prompt-btn: 0.5rem 0.75rem,,.sr-only: 0,.sr-only: 0,,.chat-trigger: 4px,.tile-header: 16px 0px | .tile-footer: 16px 0px,.dialog-completion-message: 2em,,,,,,,,,,,,,.dialog-backdrop: 0,,,,,,,,
padding-block,,,,,,,,,,,,,,,,,,,,,,,,,,,,,,,,.content-box: 4.813rem,,,,,,,,,,,,,,,,,,,,,,,,,,,,,,,,,,,
padding-bottom,,,.filter-group: 1.5rem,.input-container: 1.5rem,,,,.dialog-content: 0,button: 0.5em | .details: 1em,,,,,,.text-card: var(--spc-300),.video-card: var(--spc-300),,,,,.callout-root: var(--spc-75),,,,,,,,,,,,,,.control-section h4: 4px,,.btn-layout: 8px,,,,,,,,.video-container: 0,,,,,,,p: var(--spc-400),.dialog-header: var(--spc-200),,,,section: var(--spc-500),,,,,,,,,,
padding-inline,,,,,,,,.dialog-content: 0,,,,,,,,,,,,,,,,,,,,,,,,.content-box: 12.188rem,,,,,,,,,,,,,,,,,,,,,,,,,,,,,,,,,,,
padding-left,,,,.input-container: 1rem,,,.chat-header: 1rem,,,.accordion-list: var(--padding-page-default),,,,,.text-card: var(--spc-300),.video-card: var(--spc-300),,,,,.callout-root: var(--spc-50),.progress-toast: var(--spc-300),,,,,,,,,.list--bullet: 0.8em | .list--number: 1.5em | .list--custom: 1.5em,,,,,,.btn: 8px | .btn-layout: 12px | .has-icon: 6px,,,,,,,,,,,div: 2em,div: 2em,div: 2em,ul: 0 | li: var(--spc-75),,.dialog-header: var(--spc-1000),,,,,,,.has-padding: 80px,,,,,,,
padding-right,,,,.input-container: 1rem,,,.chat-header: 1rem,,,.accordion-list: var(--padding-page-default),,,,,.text-card: var(--spc-300),.video-card: var(--spc-300),,,,,,.progress-toast: var(--spc-300),,,,,,,,,,,,,,,.btn: 8px | .btn-layout: 12px,,,,,,,,,,,,,,,,.dialog-header: var(--spc-200),,,,,,,.has-padding: 80px,,,,,,,
padding-top,,,,.input-hint: var(--space-md),,,,,button: 0.5em,,.basic-layout-root: var(--spc-500),,,,.text-card: var(--spc-200),.video-card: var(--spc-200),,,,,.callout-root: var(--spc-75),,,,,,,,,,,,,,,,.btn-layout: 8px,,,,,,,,,,,,,,,,.dialog-header: var(--spc-200),,.dialog-root-scroll-wrapper: 124px,,,,,,.dialog-root-scroll-wrapper: 124px,,,,.dialog-root-scroll-wrapper: 124px,.dialog-root-scroll-wrapper: 124px,.dialog-root-scroll-wrapper: 124px
pointer-events,,,,,,,,,,,,,,,,,,,,,,,,".glitch-red,
  .glitch-green,
  .glitch-blue: none | .glitch-scanlines: none",,,,,,,,,,,,,,,,,,,,,,,,,,,,,,,,,,,,,,,,,,,
position,,,,,.message-bubble: relative | .loading-bubble: relative,,,,:global(.gsap-char): relative,,.basic-layout-side-nav: absolute | .basic-layout-main: relative,,,.image-card: relative | .cover-image: absolute,,.video-card: relative | .tag-container: relative | .cover-video: absolute | .play-indicator: absolute,,,,,,.progress-dot: relative,,".avatar: relative | .avatar-image: relative | .glitch-red,
  .glitch-green,
  .glitch-blue: absolute | .glitch-scanlines: absolute",,,.indicator: absolute,,,,,.mcp-text: relative | .flex-container: relative | .text-content: relative,,,.debug-panel: fixed,,,,.prompt-btn: relative,".canvas-container: relative | .loading,
  .error: absolute",.animated-text-path-container: absolute | .canvas-wrapper: absolute | .sr-only: absolute,.animated-text-path-container: relative | .canvas-wrapper: absolute | .sr-only: absolute,,.chat-trigger: relative,".video-container iframe,
  .video-thumbnail: absolute | .play-button: absolute | .video-container iframe,
    .video-thumbnail: relative",,,,,,.title: relative | li: relative,,.dialog-header: absolute,,,,,,.dialog-backdrop: fixed,,,,.background-container: absolute,.dialog-text-section: relative | .dialog-text-section-content: relative,,,
resize,,,,,,,,,,,,,,,,,,,,,,,,,,,,,,,,,,,,,,,,,,,,,,,,,,,,,,,,,,,,,,,,,,,
right,,,,,,,,,,,,,,,,,,,,,,,,".glitch-red,
  .glitch-green,
  .glitch-blue: 4px",,,.indicator: -6px,,,,,,,,,,,,,,,,,,,,,,,,,,,,,,,,,,,,,,,,
scrollbar-width,,,.filter-group: none,,,,,,,,,,,,,,,,,,,,,,,,,,,,,,,,,,,,,,,,,,,,,,,,,,,,.dialog-root-scroll-wrapper: none,,,,,,.dialog-root-scroll-wrapper: none,,,,.dialog-root-scroll-wrapper: none,.dialog-root-scroll-wrapper: none,.dialog-root-scroll-wrapper: none
text-align,,,,.input-hint: center,,,,,,,,,,,,,,,,,,,,,,,,,,,,.text-content: left,,,.scenario-btn: left,,,,.prompt-btn: center,,,,,,,.dialog-completion-message: center,.footer-title-root: start,,,,,,,,,,p: end,,,,,h2: start | p: start,,,,,
text-decoration,,,,,,,,,,,,,,,,,.link: none,.nav-link: none,,,,,,,,,,,,,,,,,,,.btn: none,,,,,,,,,,,,,,,,,,,,,,,,,,,,,,
text-transform,,.filter-toggle: capitalize,,,,,,,.label span:first-child: uppercase,,,,,,,,,,,,,,,,,,,,,,,,,,,,,,,,,,,,,,.footer-title-root: capitalize,,,,,,,,,,h1: uppercase,,,,,,,,,,
top,,,,,,,,,,,.basic-layout-side-nav: 0,,,.cover-image: 0,,.cover-video: 0 | .play-indicator: 50%,,,,,,,,".glitch-red,
  .glitch-green,
  .glitch-blue: 4px | .glitch-scanlines: 0",,,.indicator: -6px,,,,,,,,,,,,,".loading,
  .error: 0",.animated-text-path-container: 0 | .canvas-wrapper: 0,.canvas-wrapper: 0,,,".video-container iframe,
  .video-thumbnail: 0 | .play-button: 50%",,,,,,,,.dialog-header: 0,,,,,,.dialog-backdrop: 0,,,,.background-container: 0,,,,
transform,,,,,,,,,,,,,,,,".play-indicator: translate(-50%, -50%)",.link:active:not(.disabled): scale(0.98),,,.indicator: translateZ(0),,.dot-inner: scale(1) | 0%: scale(1) | 50%: scale(1.1) | 100%: scale(1),,".glitch-red,
  .glitch-green,
  .glitch-blue: translateZ(0) | .glitch-scanlines: translateZ(0) | .avatar-button:hover:not(.glitch-active) .avatar-image: scale(0.98) | .avatar-button:disabled:hover .avatar-image: none | .glitch-active,
  .glitch-active .avatar-image,
  .glitch-red,
  .glitch-green,
  .glitch-blue,
  .glitch-scanlines: translateZ(0)",,,"0%,
    100%: scale(1) | 50%: scale(1.1)",,,,,,0%: scale(1) rotate(0deg) | 50%: scale(1.1) rotate(180deg) | 100%: scale(1) rotate(360deg),,,.inverse:hover: scale(1.05) | .inverse:hover :global(.icon): scale(1.2) | .inverse:active: scale(0.95) | .primary:hover: scale(1.05) | .primary:hover :global(.icon): scale(1.2) | .primary:active: scale(0.95) | from: rotate(0deg) | to: rotate(360deg) | .btn:disabled:hover: none | .btn:disabled:hover :global(.icon): none,,,.prompt-btn--disabled: none !important,,.canvas-wrapper: translateX(-50%),.canvas-wrapper: translateX(-50%),,.chat-trigger:hover .profile-image: scale(0.98),".play-button: translate(-50%, -50%) | .video-thumbnail:hover .play-button: translate(-50%, -50%) scale(1.1)",,,,,,,,,,,,,,,,,,,,,,
transition,,.filter-toggle: all 0.2s ease-in-out,,,,,,,,,,,,,,.play-indicator: opacity 0.3s ease,.link: all 0.2s ease-in-out,,,".indicator,
    .bridge: none",,.dot-inner: all 0.3s ease-in-out,,.avatar: var(--transition-fast) | .avatar-image: var(--transition-fast),,,,,,,,,.weather-state-container: all 0.2s ease-in-out,,.scenario-btn: background-color 0.2s,.btn: all 0.2s ease-in-out | .btn :global(.icon): transform 0.2s ease-in-out,,,.prompt-btn: all 0.2s ease,,,,,.profile-image: all 0.15s ease-in-out,.play-button: transform 0.2s ease,,,,,,,,,,,,,,,,,,,,,,
transition-delay,,,,,,,,,,,,,,,,,,,,,,,,,,,,,,,,,,,,.btn :global(.icon): 0.2ms,,,,,,,,,,,,,,,,,,,,,,,,,,,,,,,
transition-duration,,,,,,,,,,,,,,,,,,,,".indicator: 0.3s | .bridge: 0.3s | .indicator.animated,
  .bridge.animated: 0.3s",,,,,,,,,,,,,,,,,,,,,,,,,,,,,,,,,,,,,,,,,,,,,,,
transition-property,,,,,,,,,,,,,,,,,,,,".indicator: color, opacity | .bridge: flex-basis, background-color | .indicator.animated,
  .bridge.animated: all",,,,,,,,,,,,,,,,,,,,,,,,,,,,,,,,,,,,,,,,,,,,,,,
transition-timing-function,,,,,,,,,,,,,,,,,,,,".indicator: ease | .bridge: ease | .indicator.animated,
  .bridge.animated: ease",,,,,,,,,,,,,,,,,,,,,,,,,,,,,,,,,,,,,,,,,,,,,,,
user-select,,.filter-toggle: none,,,,,,,,,,,,,,,,,,,,,,,,,,,,,,,,,.debug-panel: none,,,,,,,,,,,,,,,,,,,,,,,,,,,,,,,,
vertical-align,,,,,,,,,,,,,,,,,,,,,,,,,.icon: middle,,,,,,,,,,,,,,,,,,,,,,,,,,li::before: middle,,,,,,,,,,,,,,,,
visibility,,,,,,,,,,,,,,,,,,,,,,,,,,,,,,,,,,,,,,,,,,,,,,,,,,,,,,,,,,,,,,,,.dialog-text-section-title: visible,,,
white-space,,.filter-toggle: nowrap,,,,,,,,,,,,,,,,,,,,,,,,,,,,.tag: nowrap,.list__item-name: nowrap | .list__item-separator: nowrap | .list__item-role: nowrap,.text-content: pre,,,,,,,.prompt-btn: nowrap,,.sr-only: nowrap,.sr-only: nowrap,,,,,,,,,".name,
  .role,
  .dash,
  li: nowrap",,,,,.text-segment: break-spaces,,,,,,,,,,,
width,,,,.input-form: 100%,.loading-bubble: 100%,.messages-container: 100%,,.chat-dialog: 100%,button: 100% | .details: 100%,,.basic-layout-side-nav: 180px | .basic-layout-top-bar: 100% | .basic-layout-main: 100%,.grid-item: 100%,,.image-card: 100% | .cover-image: 100%,.text-card: 100%,.video-card: 100% | .cover-video: 100% | .play-indicator: 48px,,,,.progress-container: 100%,.callout-Indicator: 12px,.progress-dot: 16px | .dot-inner: 100%,,".avatar-image: 100% | .glitch-scanlines: 100% | .avatar-xs: clamp(24px, 10vw, 80px) | .avatar-sm: clamp(40px, 15vw, 120px) | .avatar-md: clamp(60px, 20vw, 180px) | .avatar-lg: clamp(80px, 25vw, 240px)",,,.indicator: 16px,,,,,.mcp-text: 100% | .flex-container: 100%,.location-info-root: 100% | .weather-state-container: 100%,,.debug-panel: 320px | .debug-content::-webkit-scrollbar: 6px,.btn: 44px,.btn: fit-content | .full-width: 100% | .btn-layout: 100%,,,".animation-canvas: 100% | .loading,
  .error: 100%",.animated-text-path-container: 100% | .canvas-wrapper: 2560px | .sr-only: 1px,.animated-text-path-container: 100% | .canvas-wrapper: 2560px | .sr-only: 1px,,.chat-trigger: var(--width-4xl) | .profile-image: 100%,".video-tile-root: 767px | .tile-header: 100% | .circle-indicator: 12px | .video-container iframe,
  .video-thumbnail: 100% | .video-thumbnail img: 100% | .tile-footer: 100%",,,,,,.layout: 100% | .title::after: 100% | li::before: 0.6em,,.dialog-header: 100%,,.dialog-root-scroll-wrapper: 100%,.image-segment: 1em | .animation-segment: 1em | .fallback-image: 100%,,.image-container: 100% | .image-container img: 100%,.dialog-backdrop: 100% | .dialog-root: calc(100vw - 2rem),.section-root: 100%,.dialog-root-scroll-wrapper: 100%,.prefix-root: 100% | .image-container: 100% | .image-container img: 100%,.background-container: 100%,,.dialog-root-scroll-wrapper: 100%,.dialog-root-scroll-wrapper: 100%,.dialog-root-scroll-wrapper: 100%
will-change,,,,,,,,,,,,,,,,,,,,,,,,".avatar-image: transform, filter | .glitch-red,
  .glitch-green,
  .glitch-blue: transform, opacity | .glitch-scanlines: opacity",,,,,,,,,,,,,,,,,,,,,,,,,,,,,,,,,,,,,,,,,,,
word-wrap,,,,,.message-bubble: break-word | .loading-bubble: break-word,,,,,,,,,,,,,,,,,,,,,,,,,,,,,,,,,,,,,,,,,,,,,,,,,,,,,,,,,,,,,,
z-index,,,,,,,,,,,.basic-layout-top-bar: 10,,,,,.tag-container: 1 | .cover-video: 0 | .play-indicator: 2,,,,,,,,.avatar-image: 1 | .glitch-red: 3 | .glitch-green: 2 | .glitch-blue: 4 | .glitch-scanlines: 10,,,,,,,,,,,.debug-panel: 9999,,,,,,.animated-text-path-container: -999,,,,,,,,,,,,,,,,,,.dialog-backdrop: 999,,,,.background-container: -1,,,,
